"base","STATE","REGION","lat","long","population","less_than_high_school","high_school_grad","some_bachelors_or_associate","with_children_under_18","income_below_poverty","drove_alone","carpooled","public_transportation","walked","taxi_motorcycle_bike_other","worked_from_home","now_married","separated","widowed","divorced","female","black_or_african_american_alone","american_indian_and_alaskan_native_alone","asian_alone","native_hawaiian_and_other_pacific_islander_alone","some_other_race_alone","two_or_more_races","hispanic_or_latino","living_with_supplementary_security_income_cash_public_assistance_income_foodstamps","veteran","unemployment_rate","armed_forces","mu_days","smoke","obese","food_env_index","phys_inactive","exer_acc","excess_drink","alc_drive_deaths_rate","clap_rate","teen_birth","mental_rate","child_pov","social","violence","house_problem","long_drive_alone","land_acres","h_80ami","t_80ami","co2_per_acre_local","autos_per_hh_80ami","vmt_per_hh_80ami","pct_transit_commuters_80ami","transit_trips_80ami","emp_ovrll_ndx","gross_hh_density","frac_sfd","intersection_density","median_smoc","pct_renter_occupied_hu","pupil_teacher_ratio","pct_65_older","annual_drug_spending_hh_avg"
"Aberdeen Proving Ground","MD","South",39.4078125010461,-76.2072586553626,90027,0.0723680042579004,0.302693944327966,0.326315167264045,0.432181771202984,0.0927869647133212,0.81448038932504,0.0914182338294468,0.0243108231000266,0.0228434407280723,0.0137295804426962,0.0332175325747175,0.509218296455643,0.0229580047518451,0.0585130387307789,0.110166026008622,0.483329888107217,0.198473933321378,0.00185780146014474,0.0290527755707719,0.000241111707350391,0.0135116064346366,0.0270103802916088,0.0483294170009367,0.281025800116231,0.126783184409132,0.0538713075651201,0.00940012418253904,3.66277337012497,13.9028201479476,29.4528245689876,8.44776177636448,23.682352397037,94.3046790946446,16.7915556042412,25.6778861456271,396.608539833383,15.9671822735183,225.678188264319,11.2706995845576,8.26520095219535,445.60583612116,15.4800112870399,46.8581369384749,355665.637023743,34.7023147910698,19.8300441087038,22.1830519083242,2,17618.4174179922,5.50413519097896,97.3895780365033,7.41657117107876,0.694036239476557,51.5299519713367,70.8207680922619,1691.47963269613,30.9262241630703,15.3559791106454,0.162832573400327,409.179756929994
"Aliamanu Military Reservation","HI","West",21.3602125722525,-157.912393946523,56231,0.106142287116253,0.267163408549263,0.374947345182517,0.478264906408209,0.090601612217238,0.606593975407328,0.13773479130124,0.132666185272985,0.0316820485146645,0.0689238191647555,0.0223991803390271,0.544898856426006,0.0132402338962975,0.0601767661529441,0.0697411479428082,0.500843658700701,0.0417083131041384,0.00118809788606516,0.476789619083312,0.0970597745559719,0.00773766791752694,0.168733948805931,0.0891833838046833,0.24591679656027,0.129053403098858,0.0280684587623451,0.0816095316019925,2.9203392921,11.177348228,22.2,8.1,20.2,96.875495039,18.885339666,26.394052045,553.9,23.497911647,228.18745,9.5,6.3481637386,239.37491994,27.336041788,44.3,384373.36,41,20,67.78,2,18399,8,213,5.9,0.81,47,36,1932,46,16.14,0.174598,382.9087
"Allen Stagefield","AL","South",31.2304301593244,-85.650677929243,2954,0.107278481012658,0.362025316455696,0.367721518987342,0.36682725395733,0.117301231802912,0.906733746130031,0.0646284829721362,0,0.00232198142414861,0.0197368421052632,0.00657894736842105,0.515144958892254,0.0333189095629598,0.0692340977931631,0.138251839030723,0.521815933580639,0.056350468115174,0.00123653064829535,0.00865571453806748,0,0.0125419537184243,0.0289701466172054,0.0745451333686628,0.152753108348135,0.173791348600509,0.0646906101254868,0.00216356555603635,4.4415549183,18.612184668,36.5,6.7,28.8,60.303277547,14.394508845,40.425531915,571.9,36.488579172,79.22643,29.7,11.70180571,362.59707652,13.610683102,25.9,359135.52,29,32,1.97,2,20991,1,11,2.6,0.05,66,12,815,38,17.81,0.156309,394.3371
"Anniston Army Depot","AL","South",33.6530245804201,-85.9691063755587,23438,0.186283827812711,0.345898469780308,0.330970244997305,0.36805945331505,0.182167679802811,0.851836450613684,0.111948506129129,0.00278351014864702,0.00692390917654089,0.0110315376961943,0.0154760862358049,0.477768889504271,0.0351116039318787,0.0820738604762002,0.146792388603584,0.481882672745328,0.262224995224339,0.00224832396266006,0.00781832903279316,0.000137299343020975,0.0128564162121519,0.021978053826978,0.0389879388772609,0.401246441544944,0.114794310742339,0.0812113086534988,0.00112930245110693,4.4765721664,20.462231748,36.1,6.8,32.5,48.217117026,15.431677015,22.857142857,587.5,39.711727776,94.23179,25.7,14.01141671,574.32355552,15.292171996,29.4,387768.64,33,34,4.09,2,20177,0,15,2.6,0.12,72,23,937,31,16.71,0.166662,399.6984
"Arlington National Cemetery","VA","South",38.8800000001,-77.0700000001998,868,0.0260223048327138,0.197026022304833,0.468401486988848,0.363636363636364,0.144927536231884,0.316508937960042,0.0977917981072555,0.0694006309148265,0.361724500525762,0.0231335436382755,0.131440588853838,0.0784708249496982,0.0231388329979879,0,0.0321931589537223,0.850980392156863,0.133333333333333,0.00686274509803922,0.0235294117647059,0.0235294117647059,0,0.0107843137254902,0.0490196078431373,0,0.103448275862069,0.0140845070422535,0.916498993963783,3.1330682649,12.338541629,18.3,9.3,15.3,99.989404076,26.10609086,20,355.2,12.682637395,139.96957,8.4,13.571067009,146.47378476,15.156079572,44.1,16634.73,37,12,69.73,1,11415,25,31,9.8,5.92,28,228,2297,56,14.1,0.104647,402.7902
"Blossom Point Research Facility","MD","South",38.4217807236016,-77.0931910938938,696,0.0985507246376812,0.347826086956522,0.278260869565217,0.239904988123515,0.0240963855421687,0.780337941628264,0.0768049155145929,0.0906298003072197,0,0,0.0522273425499232,0.640174672489083,0.0410480349344978,0.0165938864628821,0.0576419213973799,0.535796766743649,0.155504234026174,0.0662047729022325,0,0,0,0.0454195535026944,0.0107775211701309,0.256830601092896,0.176409185803758,0.0192139737991266,0,3.4577998143,14.468846303,35,8.2,21.7,78.904954589,16.380548495,38.554216867,466.6,17.895600451,126.81906,10.1,5.8929783881,373.73980362,14.578151904,64.4,292981.15,33,19,10.83,2,21690,1,4,6.3,0.18,71,43,2108,22,14.73,0.111755,359.7168
"Blue Grass Army Depot","KY","South",37.6989824524783,-84.217617406618,39915,0.103766459065747,0.292168827081774,0.305902966914087,0.428248233243809,0.223720681874606,0.794761666260973,0.0944129021290128,0.00296071547180818,0.0523178376233848,0.0292774563170084,0.0262694221978122,0.457289497018781,0.0156694680466506,0.0654675657199522,0.128724274500388,0.482865155574278,0.0435679646000256,0.00443147641949193,0.00924777856143924,0.000676027156186129,0.00413184880191934,0.018769666525287,0.0213614934464692,0.295527114495875,0.108082049664226,0.0521065799021518,0.000887223756460156,4.39461441783033,19.9599907656667,34.4367498589686,7.11464781060945,26.632090960375,67.4894836960917,15.9991563656165,26.366447076292,359.315762444803,26.2118357272329,100.783226691112,23.3981364405626,9.51580421441026,151.214474566496,16.8313139719052,36.6617970315327,257974.637074328,35.5046588985936,35.1651137004688,6.51411091874647,2,20605.0727138327,0,0.330227400937615,1.68442040967183,0.0984420409671835,64.8069329079697,12.3395451981248,1066.97204660844,38.0279533915615,16.2905590678312,0.139798495827417,429.880717271967
"Brown Stagefield","AL","South",31.3858772285513,-85.9719052726102,3963,0.190855803048066,0.33810082063306,0.325908558030481,0.323514474352463,0.201555411535969,0.775418275418275,0.156048906048906,0.0028957528957529,0.0202702702702703,0.0231660231660232,0.0222007722007722,0.483537575668094,0.0336630739701757,0.0868152960283479,0.121659530488705,0.484296712697055,0.221801295368447,0.00794329707931077,0.0125870707564463,0,0.00635463766344861,0.0389832579738482,0.0237076866674814,0.484793187347932,0.126655052264808,0.0428170677690831,0.000295290122545401,4.606066663,18.201220902,34.2,7.5,29.8,44.630415632,15.528419697,31.914893617,467.5,30.630003481,54.65974,21.3,16.012184882,321.1579928,14.016243123,23.3,434550.61,33,32,3.83,2,21601,0,7,1.6,0.04,72,7,1131,32,19.15,0.168711,403.9892
"Cairns Basefield","AL","South",31.2771894567281,-85.7137435235447,4173,0.112093743090869,0.300022109219545,0.4348883484413,0.367048054919908,0.201728540561776,0.877741228070175,0.0644188596491228,0,0.00411184210526316,0.0271381578947368,0.0265899122807018,0.533163265306122,0.0259603841536615,0.056422569027611,0.12875150060024,0.489846226082874,0.192863012090621,0.0117384669562155,0.0254724732949877,0.00117384669562155,0.0259420119732363,0.0315764761122197,0.0753609578589036,0.261165048543689,0.295024136650576,0.0619747899159664,0.0424669867947179,4.606066663,18.201220902,34.2,7.5,29.8,44.630415632,15.528419697,31.914893617,467.5,30.630003481,54.65974,21.3,16.012184882,321.1579928,14.016243123,23.3,434550.61,33,32,3.83,2,21601,0,7,1.6,0.04,72,7,1131,32,19.15,0.168711,403.9892
"Camp Mackall","NC","South",35.0301561274034,-79.4815554545206,11526,0.157220270274991,0.284865825964081,0.357068136834752,0.427199020819027,0.221326865663219,0.852575522544706,0.0602285879365525,0.00261369981769941,0.0284160198608022,0.0138932449796839,0.0422729248605558,0.439590302597214,0.0308868711554814,0.0614477214112019,0.13731495219952,0.513872141697725,0.280533317874535,0.0339309521723502,0.0201680759704755,0,0.0101527513226565,0.0366840815922367,0.0924038106991148,0.454947392541083,0.109378875866695,0.0577821192748847,0.0209118081512772,4.30197234989571,20.1390886370382,31.3702201106781,6.8545694763252,25.4395260591825,62.0047938882607,15.4450657018427,35.5028980227942,674.67803030303,40.0680982415362,164.896447678695,26.5336433922312,12.0218764517807,291.432081955413,16.7971715836374,32.2623649887009,333835.98664954,36.3910968166693,35.672000391466,3.03154686916137,2,20362.1294017687,0.159842701827435,3.73495524831403,1.97202886172352,0.0704343938504244,69.4910585597608,9.52296749052474,1078.15758287514,31.4209816900657,15.5071001708215,0.185638535298671,387.101520272158
"Carlisle Barracks","PA","Northeast",40.2098624923602,-77.1735397549557,17190,0.0751181540172366,0.345732554906867,0.259049207673061,0.38536642747912,0.134315290724623,0.769460376916774,0.0860938780287955,0.0097740840454173,0.0819969565726326,0.0142221701978228,0.0384525342385579,0.46824631491941,0.0200096432015429,0.0814506130320981,0.109209257473481,0.489520446520105,0.0575236359494248,0.000227816379997722,0.0231803166647682,0,0.00689144549493109,0.0325207882446748,0.0331472832896685,0.275914402792533,0.134820643757063,0.0393304862928778,0.00830004132800661,3.7254271964,14.382576832,29.5,8.5,19.2,76.662871804,19.967397848,27.272727273,271.2,11.953127623,176.65569,10.5,13.436822577,85.955269933,12.458913758,24.6,349118.61,35,24,12.79,2,19062,1,4,7.1,0.27,62,59,1402,29,14.47,0.179673,464.92
"Defense Distrib Depot Susq","PA","Northeast",40.2099999996004,-76.8400000002997,7799,0.0618181818181818,0.300606060606061,0.273057851239669,0.429915333960489,0.0633507853403141,0.844209005538165,0.0781362870214303,0.00650132434384782,0.0168552853359018,0.0104743558873104,0.0438237418733446,0.549737373737374,0.0248888888888889,0.0573737373737374,0.120565656565657,0.497131565527792,0.0304054054054054,0.000956144824069352,0.00866904640489546,0,0.00790413054563998,0.0150433452320245,0.0407955124936257,0.139147615015524,0.126480133321638,0.0202828282828283,0.00404040404040404,3.7254271964,14.382576832,29.5,8.5,19.2,76.662871804,19.967397848,27.272727273,271.2,11.953127623,176.65569,10.5,13.436822577,85.955269933,12.458913758,24.6,349118.61,35,24,12.79,2,19062,1,4,7.1,0.27,62,59,1402,29,14.47,0.179673,464.92
"Defense Distribution Region West Sharpe Site","CA","West",37.8405336552041,-121.268989895867,3236,0.417859834212509,0.348530519969857,0.186887716654107,0.55818540433925,0.280684596577017,0.698003327787022,0.193011647254576,0.00332778702163062,0.0299500831946755,0.00665557404326123,0.0690515806988353,0.324019607843137,0.0299019607843137,0.0186274509803922,0.125980392156863,0.670951689819614,0.080033174372797,0.0159651669085631,0.034211071946921,0.00165871863985072,0.177275554634045,0.0653120464441219,0.601492846775866,0.258202567760342,0.0794965220271613,0.0590686274509804,0,4.0001332864,12.227716097,28,7.8,22.1,73.031025556,17.865701552,33.626373626,495.5,28.976823843,204.30443,19.1,4.8477770463,780.37898876,26.911132071,35,890479.79,41,31,24.64,2,19926,2,33,1.8,0.25,74,20,1464,43,24.49,0.120572,407.9126
"Defense Distribution Region West Tracy","CA","West",37.7158727106571,-121.392347544703,10165,0.208903449604934,0.288880323761804,0.315089612642128,0.425331369661267,0.0811229000884173,0.763279248505551,0.126387702818104,0.0319385140905209,0.0356959863364646,0.00751494449188728,0.0351836037574722,0.511272422698402,0.035038738047044,0.0544426607105465,0.0824317721784044,0.582788671023965,0.0687421167297328,0.00447196422428621,0.128310973512212,0.00131865611741773,0.0569315445476436,0.0893819516110538,0.268719183579865,0.206896551724138,0.0604154597368203,0.0586305576882809,0.000977175961471348,4.0001332864,12.227716097,28,7.8,22.1,73.031025556,17.865701552,33.626373626,495.5,28.976823843,204.30443,19.1,4.8477770463,780.37898876,26.911132071,35,890479.79,41,31,24.64,2,19926,2,33,1.8,0.25,74,20,1464,43,24.49,0.120572,407.9126
"Defense General Supply Center","VA","South",37.4187699347847,-77.4505875295908,31918,0.211274989180491,0.29400836340828,0.317877154834462,0.447422264700228,0.143263445787022,0.794251315691508,0.149812582446116,0.015717426600122,0.00587689115057304,0.0141198948725884,0.0202218892390931,0.412554992197292,0.0325151371484376,0.0593359454024486,0.122301673208598,0.485017752418442,0.417210261867352,0.0118437191168561,0.0250419546407771,0.000960170260625972,0.0518203545965298,0.0345807051931786,0.181235477655177,0.377505839481885,0.113761597786593,0.0684462668226668,0.00327767958463788,3.4407528927,12.932485859,28.1,8.4,21.7,78.06258617,17.168191643,40.170940171,390.4,14.918956603,133.32979,9.3,8.8177379523,127.58481537,12.860310421,37.8,270958.64,38,25,10.76,2,20737,0,0,6.7,0.43,80,55,1543,24,15.91,0.120998,414.9974
"Defense Supply Center Columbus","OH","Midwest",39.978626553,-82.894349787,28061,0.153565726087534,0.315065702117735,0.329448585036653,0.503957750415507,0.235719251966025,0.79523054999114,0.095987306088729,0.0612344232496839,0.021140816179579,0.00772929166080363,0.0186776128300645,0.327448151684163,0.0283751908110409,0.066970485748891,0.164555861038852,0.46099237799823,0.550314835447389,0.00309599255298718,0.0181960406486654,0,0.0448872399696265,0.0396389194011169,0.0996574773027462,0.575840540617329,0.0879174489180626,0.0767997572932352,0.000132397359263755,4.1814549272,19.268515798,29.3,6.9,23.1,95.157957528,19.715032762,34.772182254,746.6,30.074579662,225.4614,23.9,9.7385841265,429.31165411,17.276720351,24.1,340723.06,32,23,23.72,1,16863,4,62,7.3,1.41,55,83,1288,46,18.33,0.115551,371.7629
"Deseret Chemical Depot","UT","West",40.2968543077801,-112.342849474424,702,0.0759162303664921,0.413612565445026,0.369109947643979,0.42382271468144,0.0472049689440994,0.637152777777778,0.21875,0.00694444444444444,0.0225694444444444,0.0833333333333333,0.03125,0.665314401622718,0.0101419878296146,0.0334685598377282,0.0588235294117647,0.516176470588235,0,0,0,0,0.0257352941176471,0.00220588235294118,0.0735294117647059,0.139479905437352,0.0715909090909091,0.0141987829614604,0,3.9324772501,12.185682609,31.9,7.7,20.9,94.446734687,14.013604682,24.324324324,267.9,25.526483727,103.34243,9.4,3.4947261406,218.7835852,10.35326087,44.5,4442866.05,29,28,11.17,2,23241,1,5,2.6,0,79,2,1240,23,NA,0.090546,454.7276
"Detroit Arsenal","MI","Midwest",42.4971879905334,-83.0411785152762,13240,0.114054350809772,0.294194345319791,0.323085369201208,0.375646519875868,0.108443352778631,0.862433428922573,0.0961900860303154,0.00483408439164277,0.011224907824662,0.00704629250307251,0.0182712003277345,0.488510905663764,0.0126110762050085,0.0937528049546719,0.0940220806031774,0.49193728171212,0.0818161551608828,0.00133759381734413,0.116630749795645,0.00118897228208367,0.00442149067399866,0.0162740581110203,0.0189120903618934,0.288365188346632,0.0844582363589346,0.0498159949735212,0,4.1942246644,19.705915538,32.5,7.9,25.5,94.388081496,21.216258696,28.880866426,299.6,16.263305475,163.41489,15.9,5.5964108968,293.49575783,15.447968671,43.4,306633.15,35,26,22.33,2,18064,2,25,6.1,1.1,69,68,1271,27,19.35,0.162867,442.0964
"Dugway Proving Ground","UT","West",40.1588569667757,-113.280078168673,1213,0.318297676106531,0.310101693506863,0.231845180075296,0.60118137144397,0.184222061984757,0.563249015064492,0.149093884159657,0.0156957634286571,0.222219139571016,0.00212910857019965,0.0476130892059778,0.524834392009645,0.00959185542862379,0.0393284887409483,0.0871004378257888,0.550123487286818,0.0104049947753413,0.0524830090958828,0.00383510501142179,0.0263663469535248,0.23675929058189,0.0121456172734665,0.512770297210738,0.168264576083574,0.130068148492031,0.0469978455385304,0.0316675172404768,3.78762703459739,10.6734569805318,30.9956953688783,7.66981713725215,22.5908890912912,77.541949813206,12.5750632830857,12.5492028814895,156.808914734113,29.5850115911937,411.791139473972,13.2959433896168,3.03361541843487,183.609328042642,10.1634777987842,27.3479506761017,3737480.79894836,25.8602396132558,28.8624395712184,6.77329755482379,2,23719.7526938976,1,20.2886288797029,1.31375604287816,0,81.3115672948925,2,1145.35193722413,22.5508722763259,17.96,0.13710164343866,465.014539139634
"Fort A P Hill","VA","South",38.1178885734989,-77.2758618600368,19226,0.0904529152366698,0.320092148403351,0.283639947903399,0.467307599475023,0.0968984873430168,0.765632235349019,0.119034260707533,0.0278395036732902,0.0194229980716611,0.0185267429177827,0.0495442592807134,0.520885247223407,0.0237091459193662,0.0471962387306908,0.0965085627294476,0.500285258553561,0.200847559139828,0.00613191559002942,0.0263732174166539,0.00142662304016287,0.0460155574202635,0.0350729016769496,0.0965391254418763,0.236094165848743,0.147253335074641,0.0488376881940723,0.038804174586883,3.60710995744993,17.0795721074587,32.526,8.087,24.1564,39.1502158386527,15.946148896,26.4317460319993,401.370866666667,31.108247779416,24.1611666266667,17.478,13.6425344389213,152.767198362993,14.2531152803847,52.1698,289959.138706667,35.826,30.2026666666667,1.07464666666667,2,22423.068,0,1.27533333333333,3.98986666666667,0.03,80.4206666666667,14,1391.12266666667,20.9273333333333,18.9251733333333,0.169993422666667,381.661293533333
"Fort Belvoir","VA","South",38.7003192648223,-77.1448798605171,70684,0.127199989382545,0.159608046588571,0.241481462028139,0.547126871281788,0.064177372608017,0.699736512888046,0.105301983634046,0.122660926180073,0.0187918508752232,0.0187923140835289,0.0347164123390834,0.55505719589867,0.0232530245812588,0.038628124857147,0.0851862283745658,0.495958396423327,0.213779771300867,0.00207268012176103,0.121042994302131,0.000600571256643102,0.0830092513116594,0.0541942909387413,0.206852396551671,0.112954393809845,0.133707915909411,0.039369300921776,0.0418892927405359,3.0892904503,10.405061114,23.5,9.7,16.7,99.578821254,17.162045006,24.864864865,214.8,9.8864105655,155.97391,7.2,8.360808731,89.436276948,14.244694292,48.8,250145.48,38,16,31.88,2,17366,8,20,8.6,1.57,48,90,2330,32,14.5,0.117446,431.386
"Fort Benning","AL","South",32.2799999998002,-84.9400000002997,28979,0.0789939582363311,0.267843839737783,0.420404602232657,0.631967450857369,0.112799457135021,0.591717065265545,0.0709346113210009,0.00438152425746258,0.0337023620059271,0.00756711502054913,0.291697322129515,0.466939033480948,0.0190916650156269,0.0325166334319556,0.0671223672802728,0.612183945488413,0.323476242429748,0.00645906600368488,0.0184158558634541,0.0107578854365405,0.0271542594203056,0.043791210871566,0.12346214921748,0.198577226675635,0.222141033127707,0.0442139329885833,0.363703532741862,4.6882317909,21.778608294,40.7,6.6,30.8,66.464577785,14.661273626,20.689655172,708,49.564056241,36.09984,28.1,9.5541401274,441.38804166,17.431617988,36.5,410338.89,33,33,5.91,2,20316,1,24,3.2,0.05,63,7,1019,41,19.05,0.150042,322.0544
"Fort Benning GA","GA","South",32.4000000001,-84.8299999998001,69297,0.128321154609787,0.301545774389341,0.393495595235756,0.518960267887071,0.176342952011916,0.718920856461154,0.105277237027343,0.0118587784453877,0.0234953443430304,0.0107648951184781,0.129682888604607,0.379889178082422,0.0348133624254642,0.0575005543148751,0.111385833026543,0.53591436957366,0.510378151883053,0.00409231875164891,0.0141840688257446,0.0058867650941103,0.0302472375633079,0.0383676690267149,0.0863782222589782,0.381113618403402,0.184416194355835,0.0596702732851087,0.154167542769256,4.10427863280388,20.092224541182,32.5035965477725,6.03108902735998,26.7016985388913,81.1087053236127,15.2515095205256,25.3750374217705,530.213266723965,48.7861883727697,216.789623312193,29.1004759346798,9.75788883136898,466.096045933588,17.9813620825934,21.0163167884257,199143.207801783,36.8536169603209,30.8880998424295,10.7875540753474,1.24008379888268,19379.8151088669,1.75991620111732,21.5039965620971,4.63310879530153,0.391748388483025,64.6173972210285,33.0030475576565,1045.70680060163,48.4137158000286,17.4249948751711,0.133653506759679,316.054556182417
"Fort Bliss","NM","South",31.873843252664,-106.329364325004,240451,0.154848235459226,0.251112653963765,0.356895782651405,0.500087421720659,0.162018750891547,0.806958309678919,0.119880212909877,0.0113537534829357,0.0219837843552766,0.0134989662223894,0.0263249733506023,0.50547901468384,0.0267680698313555,0.0499830841751362,0.116591892559635,0.497304529677401,0.0532772165522867,0.00673496209374944,0.0138254853832539,0.00222555901206622,0.0615940274459902,0.0272023200706306,0.705904481312509,0.376660019109259,0.142988512810072,0.0459242737170613,0.0565087504747395,3.9920710087986,15.5515460786117,26.978649483458,7.81341172789701,22.3289609560385,79.3601876410693,18.051409013655,32.9619176150313,573.823059853578,51.5299313889454,125.514884262681,32.4896235887661,5.60707628069256,363.113035691994,19.0536101464093,26.5581001150327,1353607.98878347,35.3223450012626,33.5867978476212,19.0730562657129,2,19750.1057272356,2.59469540132649,82.7245131939054,3.47295200508082,0.289212667713552,66.3097696199669,29.6344433325653,942.412930086797,37.7700323162898,15.9795160038327,0.131867471856941,428.110161367963
"Fort Bragg","NC","South",35.1135236300116,-79.1241934520661,139309,0.0824496672247733,0.225676551737301,0.433910405342671,0.494727020624431,0.149159126157281,0.84750997178842,0.0811695726760994,0.00452385352726788,0.0252277446359895,0.0132752133589765,0.0282936440132462,0.524803700530191,0.0371799282333569,0.0508299119261864,0.114889756515192,0.489319700210485,0.322466500361414,0.0118350044096927,0.0249236698358516,0.00167430234626868,0.0363846246672055,0.0545943180990557,0.130666192543557,0.303776827298207,0.22087213982853,0.0646925716422388,0.124912773807207,4.27286002369063,18.208611272338,32.2099094029314,6.65286873818106,25.9026727909677,71.60082684641,16.3944928931269,35.1790790785438,879.352576211552,35.0790038311942,212.040011667858,24.0269930594635,9.18352870092871,391.114237245284,16.4213554176391,30.975788224916,399897.069080087,35.6348689713912,31.610397116306,7.45557230274732,2,20169.9310559856,1.09711174314438,23.7871957494918,2.9806638377263,0.200636359488357,66.875085552632,16.5780772331138,1137.70123753466,39.7358743098754,15.8209677713729,0.136081043478481,358.573115645358
"Fort Campbell","TN","South",36.6700000001999,-87.4899999997002,68375,0.0737904377701191,0.302745634334549,0.437938615017873,0.571251002180164,0.139061547880096,0.808231889914435,0.0862792674905588,0.00626190819407192,0.0668965958525868,0.0153098665953857,0.0170204719529613,0.566659356076419,0.0207475837077648,0.0364888959845435,0.10735084755553,0.517551343476482,0.200099155794454,0.00702325581110668,0.022767721283236,0.00684473898647864,0.0156939536672913,0.052912779948735,0.10191951696963,0.262637401912276,0.25067017146905,0.051346458356505,0.181290614695199,4.50482191028727,21.4302667593429,32.7772893021639,6.77572712262101,29.4143491787608,62.4067383701192,16.4186021247795,31.2206203217731,732.136745980707,42.4924243981699,199.592152914713,20.2875446250109,9.4124939247696,433.244100134723,14.493639399639,29.9907423307552,369031.371509307,33.0670478838968,31.5247796993135,7.70841574693665,2,20928.7848648649,0.950464934387764,8.21728339271748,3.10403649952203,0.140215381941427,69.6807856087599,12.5951542539324,1025.10358911967,41.7726740245068,15.9717634817722,0.113367514288694,378.0953155992
"Fort Carson","CO","West",38.479794579,-104.842503729,36646,0.0511681538559208,0.257080864049361,0.445926255688258,0.484838743480743,0.0940805873659663,0.836872408071494,0.101822992922914,0.000910361704665129,0.009110858282011,0.0170451801838285,0.0342381988350878,0.600711366701962,0.0173906640013226,0.0404468657750243,0.121779551286085,0.493206451180309,0.0544901905680418,0.013763019744652,0.0154047902154672,0.00800972381808273,0.0435668141162816,0.0510914120720041,0.225412211113821,0.203981912887694,0.216363872555154,0.0517579995589393,0.0315585145626578,3.63402026894785,14.5053838916715,23.4148023054328,7.44876099204033,17.2891700025019,86.7590037610004,17.7818904466111,42.4597818864227,443.848166217256,28.9296655586601,306.123981948718,17.1395516544816,8.83006158794112,408.904294718567,16.4065529139245,24.4841262891613,1371624.2786035,35.6696862924972,25.9846285176846,18.5694289351273,2,18515.0405292395,2.70448090697653,44.2071125103087,4.91673106681863,0.145133456573912,69.0090588774915,21.9326717260167,1315.68619751851,36.3791744271166,17.6341379066707,0.133375772614183,432.689043518982
"Fort De Russy","HI","West",21.2809400228638,-157.834318092606,13813,0.0409202669476642,0.170647465168013,0.34890528041213,0.232416933715635,0.128049441613358,0.460833167231413,0.0787987509135606,0.110690319580094,0.220849113015746,0.0559431267025447,0.0728855225566408,0.410366162107475,0.014475271411339,0.0598466866415036,0.147243083388459,0.496656119660578,0.0257083273407162,0.000611246943765281,0.394793614267223,0.0292319861930102,0.0154969078095786,0.117143678987487,0.0618797641305911,0.142425550280535,0.114550394156683,0.0306626716992879,0.0135024709132651,2.9203392921,11.177348228,22.2,8.1,20.2,96.875495039,18.885339666,26.394052045,553.9,23.497911647,228.18745,9.5,6.3481637386,239.37491994,27.336041788,44.3,384373.36,41,20,67.78,2,18399,8,213,5.9,0.81,47,36,1932,46,16.14,0.174598,382.9087
"Fort Detrick","MD","South",39.4388176520131,-77.4278504469405,35762,0.0703627401251225,0.202698405215423,0.288503456097834,0.445538563267336,0.0803712112509113,0.736963923256921,0.121181457146931,0.0321619568312884,0.0386556970734422,0.011965480380809,0.0590714853106082,0.498002953625177,0.0201843161353823,0.0581543715634916,0.127471947961765,0.473296555391211,0.153234848636826,0.00352700324829903,0.0496594763447564,0.000738025813308208,0.0209127129220187,0.0358723856260733,0.109445331454779,0.201487551488854,0.114528418412976,0.0405981976350375,0.0059994894625376,3.3977409644,13.313043368,28.4,9.3,20.7,93.810227735,18.509908403,22.222222222,234.3,13.320449997,185.79028,7.4,10.476027425,254.3412589,14.221865689,47.6,422686.82,30,19,14.39,2,21331,1,4,5,0.21,63,37,1841,26,15.79,0.130658,454.379
"Fort Detrick Forest Glen Annex","MD","South",39.0064042390644,-77.0547695119034,19105,0.0383159170074209,0.0943889141299409,0.16295623201575,0.443682104059463,0.0938688783028891,0.465512415530409,0.076732376344516,0.347754808269023,0.040745331680595,0.0158742852573074,0.0533807829181495,0.417402814145541,0.0255517509279774,0.0414640462693868,0.0906108825137398,0.46932959933181,0.285208932124696,0.00417618591397057,0.0703073181516692,0.000638710786842558,0.0612671039378977,0.040754661360454,0.135234726214165,0.0972412741960067,0.0576879028827591,0.0452335050211493,0.0053520559376169,2.8266839327,7.1692712231,20.6,9.5,16.3,99.82660631,14.793834062,25.980392157,292.6,13.320544106,279.82599,9,8.9701533291,177.24196139,17.31474587,53.4,315462.96,37,16,34.19,2,16993,10,44,8.6,1.16,49,55,2267,34,15.45,0.142804,413.5899
"Fort Drum","NY","Northeast",44.1244003250001,-75.5922269879999,28165,0.0766084257375313,0.320033252141357,0.423740262152088,0.592553798621547,0.140062248825508,0.730901282412721,0.11907889501635,0.000706138563219456,0.0800076855983041,0.0222987194581539,0.0470072789512518,0.541838808479493,0.0240276468924072,0.0387993366938624,0.0752749847766539,0.569446986538216,0.079011045854967,0.00606335645247456,0.0131676946309982,0.00489439431975111,0.0257824661099943,0.0484407400289641,0.101833481651225,0.257132064475801,0.167587727532789,0.0536510990329787,0.243978000050255,3.83676396328795,18.7729628359143,31.1528119886904,7.69284526018169,30.4444592013473,62.2644291068232,22.6006037857435,38.9317552019929,436.139332927138,36.0384920913519,182.943313908168,22.0199334570175,11.8209089467653,151.538588926993,14.8802175950346,20.6482197013781,812661.58882605,33.4429284389098,29.7427620814535,6.49045587419816,2,20535.1407740072,1,13.2572379185465,3.82861895927323,0.0425723791854646,58.0851914479945,7.07154739818308,1076.69850278289,40.1004990723689,14.0962861895927,0.138568347303708,430.228474372737
"Fort George G Meade","MD","South",39.1057192648323,-76.7437197754472,45033,0.0700866655676288,0.201348006015709,0.309247019509401,0.532317602776777,0.0450677753897923,0.803118788900297,0.0760813082939317,0.0535986389026143,0.0241718804738446,0.00970212567717732,0.033327257752135,0.501026516952604,0.0257937279360555,0.0319652605460174,0.110362530053536,0.512439879958624,0.319288584696109,0.00309861430572963,0.0726748839317444,0.000428734797872626,0.0224506668042364,0.0460976992728908,0.0862669615100404,0.104035181766505,0.17893796280897,0.0400347678206358,0.0602430521962711,3.3859341564,12.663954157,29.1,8.9,20.9,93.4387415,20.148349612,36.057692308,312.6,17.980941615,153.77956,9.3,8.2772800184,459.77839402,14.545996128,44.7,265526.61,42,21,21.12,2,18924,3,17,7.2,0.77,61,60,1975,26,14.82,0.13927,437.4763
"Fort Gordon","GA","South",33.366681154112,-82.2113962712209,97548,0.121105173706924,0.299288188811379,0.361692857875138,0.460431181212832,0.174297395586606,0.832777015732942,0.0990473533927974,0.0126254636573661,0.026045046490447,0.0099694172716947,0.0195357034547523,0.434525223389603,0.0261372557559072,0.0607334606723132,0.123631468049151,0.486306723169554,0.459831471424722,0.00424900171481998,0.0160023054078825,0.0025845260822331,0.0161429268046102,0.0312998902518147,0.0640171872784812,0.381110686533165,0.182133787852069,0.057902000816316,0.0557518144442472,3.77330738568174,19.0791388596112,32.9940121669034,6.40998172956748,25.1641620948757,73.917827083031,15.5469608461708,24.4186244683239,564.243887185099,36.3111334193338,172.705438031401,28.6200191739154,9.42855652184392,295.503447218821,16.8079138000608,27.9707033112649,221652.705904939,35.816131185721,31.8178151775093,8.99677102731028,2,20416.3505463562,0.546268364545322,4.56272430218492,2.33570238268525,0.266953028926512,68.5318653408891,28.0579283136491,1105.32537180832,36.3802257703447,16.329999498065,0.131616084149396,343.450226606819
"Fort Greely","AK","West",63.9709665072986,-145.718810693958,2880,0.0749536178107607,0.321335807050093,0.394063079777365,0.494117647058824,0.0910623946037099,0.486695278969957,0.170815450643777,0,0.169957081545064,0.00257510729613734,0.169957081545064,0.570341207349081,0.0036745406824147,0.0551181102362205,0.113385826771654,0.575424575424575,0.015984015984016,0.0177822177822178,0.00979020979020979,0.00659340659340659,0.0161838161838162,0.0335664335664336,0.0651348651348651,0.317110266159696,0.215320244608948,0.0356955380577428,0.0425196850393701,3.2191309075,18.69028212,32.6,6.1,20.1,33.247972685,20.952267977,27.272727273,230.8,39.597315436,116.34671,16.9,11.697616611,NA,28.770301624,10.1,15851253.18,29,24,0.06,2,20629,10,155,9.9,0,80,0,1186,30,15.1,0.11543,461.6114
"Fort Hamilton","NY","Northeast",40.6086355608825,-74.029489793719,56389,0.122357940039177,0.20654410758479,0.214693913420871,0.450505266491451,0.121445741690837,0.281307054953462,0.0721534218824515,0.518278161468943,0.0823636021256084,0.0132977492816315,0.0326000102879034,0.516731266065873,0.0167066732871279,0.0683685634834709,0.0708558456364255,0.477980531196532,0.0166253128640972,0.00231722134539407,0.205709075783884,2.58264110498347e-05,0.0552382343085655,0.0193452919900105,0.142067029916376,0.24909140482812,0.0389364171058677,0.0524551491955927,0.00177235016374334,3.8980065348,14.615999022,22.6,7.4,27,100,19.369214503,12.396694215,699.2,21.934544475,187.89343,28.4,4.8089777699,620.90533418,35.043279985,57.1,44680.02,35,10,47.46,1,3050,60,1300,9.8,20.85,5,338,1590,71,14.17,0.134979,326.6086
"Fort Hood","TX","South",31.2181992490961,-97.7649401274849,152476,0.074542179029571,0.262101474978544,0.452118444030015,0.559263285930376,0.123114693353221,0.784969884975807,0.127457887054621,0.00304612887222629,0.0349544819482276,0.0195195132112713,0.030052103937847,0.545116676872148,0.0250551802967152,0.0378529820270343,0.112558234049154,0.503648218981376,0.224634815970724,0.00960501282839168,0.029921098781498,0.010429185122504,0.0484785911036387,0.0575441297467702,0.217789748627963,0.261425521974986,0.283940611291902,0.0587246680479585,0.143663114678916,3.63410971169593,16.9985171167606,29.6785871113885,5.8242825777223,26.0650109779719,79.147938159841,19.7741161292596,29.3720920603842,1032.60256732866,46.4745693955315,168.611774175011,19.5242825777223,7.8639658056732,348.063150881882,13.9006410081734,22.2814568004993,672797.090250069,32.6214128886115,28.3785871113885,12.5297296907519,2,20288.04520239,1.81070644430575,43.7533126620898,5.39426062177841,0.135391837759748,66.5678806670827,15.9177708873633,1066.14515042184,44.6214128886115,14.9304580910015,0.0988657991317083,370.349027591634
"Fort Huachuca","AZ","West",31.5676015148981,-110.328948173719,63523,0.146988008479631,0.240342206397873,0.40679557455297,0.399838808619926,0.133512752203766,0.785322553477861,0.102227306178295,0.00777566305365625,0.0323004463890929,0.0226255498045323,0.0497484810965623,0.492382933676013,0.0163199885537347,0.06071358680329,0.13707470931862,0.561008045848835,0.0496103295119603,0.0226543528157551,0.016972888627147,0.00244622282114116,0.0531647958354252,0.0511289983375234,0.310866770703685,0.251952084840166,0.216798477828993,0.0354278767338731,0.0549799065617722,3.97664513842107,15.3070209663564,31.1023997966959,7.22527997628119,24.2764798746292,71.6163675951596,15.8076138690117,29.1124686658195,338.929921700977,36.0418982314647,82.3840210858478,24.4203203964429,4.96629447110388,270.34023887867,16.6018303124796,44.4377589191,3561815.24845252,31.748800101652,30.249600033884,10.9667038556541,2,20620.2207177635,0.499200067768025,5.99040081321631,2.34912007454483,0.0325119989834796,71.0047995933919,7.50239979669592,1060.78079739093,28.9984001355361,NA,0.172646863449354,452.198304025074
"Fort Jackson","SC","South",34.0400486934925,-80.8265918650225,107227,0.068890000932744,0.21564716887842,0.354535020529258,0.419455925681338,0.0968939700801561,0.795938656166192,0.0733330151883942,0.00549660813548896,0.0805477029810409,0.0142881591703561,0.0303958583585282,0.455332128358638,0.0324120501680841,0.0553496893123753,0.107870831992194,0.492997336989135,0.427581488020055,0.00126806436525383,0.0294714440505962,0.00168279871897213,0.0187546493680794,0.0321688951271646,0.065393053405806,0.246743340932774,0.155288266119364,0.0531104634099901,0.0734215559403187,4.40043647684819,15.0003913493643,32.2906356853031,6.73616834664507,22.3391319544702,60.363075598388,18.5683020050956,46.6907459239288,755.442709516066,23.2240450477487,268.188988376909,21.9319158266775,12.4298773912613,783.939696422926,17.3706653977298,30.8876282236372,481910.547814776,34.1829899201296,27.6808417332254,11.1812117554345,2,19306.139060095,0.863831653354927,13.9574748003239,5.16894344808422,0.265957913338732,65.5446733865803,26.8681280271633,1141.70661997608,38.2766330670985,14.9557001309102,0.121413584274273,331.409102979022
"Fort Knox","KY","South",37.9067477975728,-85.8830605920726,74741,0.0875153858726754,0.338779190182032,0.354751299262868,0.455005980030404,0.120306156280042,0.829788537752689,0.106631524917337,0.00434740000531424,0.0212169682641164,0.00999153134393193,0.0280240377166111,0.545013962328432,0.0230976699605057,0.0534529129785303,0.133421397449315,0.49863463122814,0.0876078044618897,0.00334458286264473,0.0198377993653902,0.00317107805165104,0.00791746323813619,0.039500794582722,0.0516372703600694,0.27191269529641,0.189887879082813,0.0516310900818617,0.0517875620186889,4.19398680979,20.679391427996,35.2913815167195,7.57342637888457,28.236350679866,69.6336104218938,15.8158340366472,22.8272267158786,363.962995347722,34.1760989914292,203.278517354793,17.7483622870203,8.54739384339742,109.108660221427,12.4034790287537,37.3038369520092,301711.706923291,30.9023021712055,30.96908182787,5.73433047006407,2,21215.3946175674,0.0858595585686222,4.15597327615355,4.32720833386832,0.103373735817401,70.3686384277271,11.826812868876,1054.79866380768,29.0366575504282,17.1307567761899,0.135696765746911,438.84836526328
"Fort Leavenworth","MO","Midwest",39.3639371315934,-94.9183780426125,23591,0.0728001334310169,0.268446204327186,0.334333990491145,0.509694109479191,0.11860501441159,0.801263978324131,0.116741481344236,0.00265845977964616,0.0325506758381731,0.0188059034472632,0.0279795012665499,0.520932402418471,0.0234462436988298,0.0493142742953255,0.140804623134249,0.529504999166419,0.118014199649107,0.00466086707199985,0.019148410731721,0.002178154326798,0.0164807333533013,0.0450481911004111,0.0748822848138327,0.242030817916749,0.237321291397909,0.0355581866620223,0.0521654623499109,3.47210472251762,17.3917520977301,34.5823250068465,7.68093123801866,23.5688313201764,85.1966570018065,18.259466119409,38.6759813346306,308.230693796214,22.0794023377365,140.078249508102,8.87627504792537,8.77129764942643,281.703949832336,12.6080050403548,33.2837187756743,281366.712049691,35.0883749657676,26.4558125171162,9.45214431800304,2,20538.3706422874,0.544187482883796,14.7069997261407,4.50139376882782,0.11720937414419,70.1906876198134,15.4558125171162,1393.07474609751,34.5441874828838,14.7719068761981,0.131905413999452,443.361484515298
"Fort Lee","VA","South",37.2463507681734,-77.3344596862655,43078,0.150256500205402,0.369057423820646,0.316989676042375,0.451604083341919,0.169235484392099,0.829317660226667,0.0898170886338111,0.0139532946410945,0.0176781880480319,0.0244847121062199,0.0247490563441754,0.392031169186461,0.0348354975596765,0.0719904007523603,0.122415797459223,0.501443375881358,0.463677967945898,0.00396497525896676,0.0137743188921042,0.000863802173340745,0.0258926483711495,0.0298310526069118,0.0652280987652881,0.378667668283463,0.15286701264284,0.0683565141567069,0.0304555244966438,3.42868989003741,13.3459764158485,28.4681187013754,8.31819584413879,22.0578931818928,76.0736234783634,17.1705198633086,38.2159938011717,438.132724945015,15.2825326108009,131.044304591472,9.53518694810098,8.80732069595235,125.388591561083,12.8721095252248,37.0739881167318,260604.573466829,37.6932344155205,25.204510389653,9.90207891540557,2,20860.2175097659,0,0,6.51594064931228,0.393188129862456,79.6932344155205,51.9323441552047,1505.67685388832,24.5112759741326,15.8629626103798,0.121475940780619,412.663159314578
"Fort Leonard Wood","MO","Midwest",37.7057852059226,-92.1572878631443,30620,0.0724378841037283,0.284743975557981,0.374446922308842,0.59872491008655,0.0974408349066654,0.59394159162113,0.0907798989993469,0.00217293579422259,0.00771294232564635,0.0127439484202527,0.292648682839402,0.450311180305744,0.0136719162832262,0.0337967670117461,0.0956372291041734,0.579320236526194,0.125041742097287,0.010843922015915,0.0272909392855392,0.00824133346059325,0.0334395326079839,0.0530077345841719,0.103954717933406,0.189877887603387,0.282452575457068,0.0466515684252421,0.348105260659192,4.34838591997003,22.1551228627454,30.769139349706,6.96416602000797,28.507820026146,67.3241588050364,19.1555524605744,30.2328036119178,425.016714554365,34.1367742712348,194.939461528282,20.8881392308607,13.0565492533723,323.461842932169,14.6364133408194,23.2968079528533,409026.834362325,32,33.8152233943639,3.4115994491167,2,20617.747670281,0.751725005767496,12.564375747153,3.19967841837769,0.0356177513055515,65.5719399061821,14.0634354704529,890.472536230364,40.4891046748181,13.9692451220962,0.141665344330027,422.084864855323
"Fort Lesley J McNair","DC","South",38.8669738292788,-77.0166739701276,5211,0.0664187716373894,0.0865495576355943,0.154891652775997,0.240590757503573,0.13544201135442,0.283142617917946,0.0274909293887804,0.441808540329333,0.120011163829193,0.0626569913480324,0.064889757186715,0.276216968011127,0.0101993509503941,0.0360686138154845,0.0982846546128883,0.446720960137162,0.467809687098157,0.00437205315045006,0.0434633519074153,0.00197171024432062,0.00745820831547364,0.0304329189884269,0.0560651521645949,0.502123142250531,0.0687616677037959,0.0530366249420491,0.00658321743161799,3.5424234802,16.686006181,22.8,8.4,17.4,99.960280727,28.004741946,25,1198.4,34.060003702,436.30812,27.6,27.490672807,1263.3762802,21.561991661,45.8,39132.81,29,10,60.2,1,10239,30,22,9.8,6.99,12,237,1982,59,12.27,0.135549,306.7233
"Fort Lewis","OR","West",47.079680565206,-122.576554657571,141568,0.0987300263855507,0.270341948969337,0.426077603129427,0.501162437509385,0.128771421684527,0.800850561871244,0.0949257713149964,0.0205163376566655,0.0233262673235,0.0174698918115429,0.0429111700220516,0.546205778934251,0.0185995510520063,0.0446681237859625,0.122931731362849,0.501853330703843,0.0651585542485549,0.0143422427384056,0.0470283838874636,0.0172558311950238,0.0565422920595107,0.063289269343797,0.168378258506823,0.311289809756074,0.19750025752439,0.059795894719927,0.0682447649172788,3.88170422348078,14.5284172680695,30.2356015588733,7.53389616231936,19.0897167323642,84.1372045539418,18.482037451684,32.1941063215963,492.908429353782,24.8281448532587,324.546566070936,15.1940964772207,8.28438945129715,359.193599161262,18.0757330499831,37.3023866458859,975855.222635065,32.9200981713708,24.0504871080284,15.7598587011835,2,19411.4526706792,2.52076849327524,28.7331187197203,4.31288192156819,0.232350984186337,65.086994287428,21.7617525679455,1509.02987494875,37.8143493873462,19.0714311659804,0.137581804408619,434.395484128191
"Fort Monroe","VA","South",37.0044916476714,-76.308267866269,4606,0.0680354271472056,0.220852131386593,0.352530213463046,0.387090790571919,0.0648336589457107,0.85965609539712,0.0720224363531345,0.0124390128667496,0.0130061067020332,0.0154315425146427,0.0274448061663206,0.464170567195951,0.037841099132092,0.0673713439368846,0.132940340277336,0.461780541159271,0.22132236992308,0,0.00598073134236982,0,0.0065264213764349,0.034002920645929,0.0271184480525813,0.1557202056119,0.168401670908665,0.046737909272866,0.0134215800824068,3.6507756203,17.262901569,37.3,6.5,23.7,86.580663,17.676054952,29.545454545,890.6,26.561893095,231.88834,23.5,9.9667287144,241.83120911,23.605313093,25.8,32941.32,33,23,21.42,2,18295,3,47,6.1,1.61,66,168,1302,42,14.09,0.143021,315.6476
"Fort Myer","VA","South",38.8807643932622,-77.0808134502805,34067,0.108292825501834,0.120766614050918,0.171414826115353,0.431678169381011,0.122879417939724,0.564922846100667,0.069700433625635,0.247005815914546,0.0405395279642303,0.0287133899732115,0.0491179864217095,0.402259221057772,0.0234427258838927,0.0307870316980686,0.0837095270260652,0.518196988886821,0.148208118740648,0.00459962525793839,0.118394682225812,0.00160248795624953,0.105694399919841,0.0268789720062926,0.25334859595889,0.211254737954002,0.0680737830466349,0.0370326357524098,0.0291452670926385,3.1330682649,12.338541629,18.3,9.3,15.3,99.989404076,26.10609086,20,355.2,12.682637395,139.96957,8.4,13.571067009,146.47378476,15.156079572,44.1,16634.73,37,12,69.73,1,11415,25,31,9.8,5.92,28,228,2297,56,14.1,0.104647,402.7902
"Fort Polk","LA","South",31.0580252964303,-93.1999463588373,39748,0.114380171007409,0.362074616756911,0.325154619789441,0.485919160973555,0.148289983505262,0.827657602174412,0.0918448532600718,0.00216003592281435,0.0254418987261108,0.0290431707952594,0.0238524391213313,0.555173380242618,0.0300297796450044,0.0547679742963643,0.109107735063652,0.51651285806049,0.142127407419954,0.0116701649299442,0.0124602844944478,0.00269269606797595,0.00932420372680112,0.0389759559665304,0.071279160037182,0.247757132132992,0.20947123400811,0.0371842566872162,0.110675607469395,4.25714169184455,20.5981145955888,34.8035226682915,6.36950298364556,30.1391133205025,62.8790018669886,17.7057028912846,30.1272060514742,644.982109087627,48.9183729327279,269.666308181121,26.630230728809,12.5912598088765,547.8430880566,14.0205700215397,27.1958145142831,775223.189880138,33.0556431360033,35.8339377996138,4.00288109584095,2,20782.9544506449,0.573730379024536,10.1789671524964,2.0480884358347,0.0370507848390185,63.0598760118766,6.96243282364737,889.657975247509,35.5501158963348,13.4676479929326,0.153445366380714,385.051543045092
"Fort Riley","KS","Midwest",39.1866483249603,-96.8207863216314,37243,0.0462597345363528,0.24388489571478,0.423723856170609,0.562326646262529,0.0951144435835681,0.747916460078157,0.113019390023437,0.00311900135740872,0.0297942819153828,0.0191015859024747,0.0870492807231398,0.60427133310188,0.0148620332100176,0.0355631008507713,0.0930508103676282,0.536514296368201,0.119431004608486,0.00579989088484763,0.0305302267930068,0.0056329180009676,0.010968125307215,0.0577078910338166,0.116118482311222,0.161506119966161,0.208281607773717,0.0374222586987282,0.226693660424463,3.24674740191271,16.2684200583944,29.0006383009174,6.2983233867159,22.3966804058792,80.6099346940172,20.5395423451018,25.4063691379165,552.4100732758,30.8366895049744,183.780348515593,13.8892118557955,13.0449029273196,276.827198840655,18.6972376853777,14.409555908577,374902.75410874,34.7299028236944,29.6496357677501,14.1976130980493,2,19945.6161679046,0.463154580453108,8.01574284773804,3.70824066520688,0.0527404004407997,54.0714653728908,10.1354314255864,1072.61594607359,51.057389835845,13.5670268200879,0.112823051593606,384.3100016852
"Fort Rucker","AL","South",31.4041575868033,-85.7474771105802,43331,0.113309662188465,0.285267259901516,0.372584518992786,0.427433304241645,0.155874920007328,0.858311128823488,0.0843987236594823,0.00104807614159388,0.0127257778502872,0.0164276254900262,0.0270886680351225,0.509850350646881,0.0248397380210342,0.0725132812924395,0.134163520035044,0.499302946684434,0.188534559683042,0.00544412119087896,0.0126618823354854,0.000113047523962722,0.0115162615397793,0.0302891048974265,0.0731964652856315,0.306096269756414,0.214788152224201,0.0492115962609554,0.0651322075432569,4.5246419219458,18.4046265511847,35.3383801488834,7.10404168734491,29.3050521091811,52.3876655799245,14.967192912426,36.1272160921173,519.172559801489,33.5296931624631,66.8189713999007,25.4575622828784,13.8787718021891,341.66817988468,13.8155120460056,24.586864516129,397224.070268586,31.0202084367246,32,2.90939692307692,2,21299.0817866005,0.494947890818859,8.97979156327543,2.09494789081886,0.0449494789081886,69.0303126550868,9.47473945409429,974.596466501241,34.9696873449132,18.4867698263027,0.162572656258065,399.211913463027
"Fort Shafter","HI","West",21.3443455626976,-157.884033407616,56547,0.166547373936205,0.289287832902129,0.295536704012101,0.359960520057457,0.12492631434485,0.498741149412124,0.150635322352069,0.191912193405076,0.0694854697977663,0.0685139430504989,0.0207119219824668,0.452411635317279,0.013397144997584,0.0789682222559095,0.0816001471953533,0.503015869232825,0.013011220017595,0.00102354149247051,0.618560211725731,0.11568902235668,0.00441372762337168,0.164481253854155,0.0685954655739628,0.344448547502182,0.0794368759588656,0.029876777995662,0.0144883093950752,2.9203392921,11.177348228,22.2,8.1,20.2,96.875495039,18.885339666,26.394052045,553.9,23.497911647,228.18745,9.5,6.3481637386,239.37491994,27.336041788,44.3,384373.36,41,20,67.78,2,18399,8,213,5.9,0.81,47,36,1932,46,16.14,0.174598,382.9087
"Fort Sill","OK","South",34.6823105709761,-98.4834001526949,50135,0.0652462256601394,0.312054577638589,0.385514377740794,0.513630198064992,0.140074345682576,0.730838581761059,0.125124243874199,0.00572866227615081,0.0357324084403355,0.0210886253066443,0.081487478341611,0.476125893310867,0.0187244526097115,0.0577157784585924,0.126563163242814,0.515759928015557,0.162292834992318,0.048836463373035,0.0233861394081463,0.00586748040834975,0.0221625197534288,0.0895957121662173,0.131270514107627,0.302657817131365,0.212048979315098,0.0488131366681293,0.136610563533459,4.4122686226,20.648340367,35.5,6.2,30.5,42.472884333,13.671970724,36.764705882,810.2,44.065436826,300.48471,23.4,9.3864321931,747.0980652,15.111665344,13,684344.77,32,31,12.42,2,20351,1,8,3.3,0.06,71,14,1020,45,16.35,0.120405,383.9287
"Fort Stewart","GA","South",31.9936725910001,-81.616523027,96060,0.110871678611957,0.287573481857523,0.362624212397658,0.504221532024335,0.146681467258918,0.836347424166157,0.0979264947392678,0.00715959909403736,0.0150897408895432,0.0256997317382401,0.0177770093727549,0.51946276878023,0.0274312080583604,0.0473742781524001,0.118539919404634,0.494369056421869,0.298594406399873,0.00365368676445887,0.0227526310289627,0.00173687499827277,0.03460030321305,0.0334070633617812,0.0945311254883567,0.292720761168394,0.189695959582421,0.0628846665093013,0.0525067113117471,3.91216328602089,19.062353657109,33.1026432060018,6.64324061797187,24.8402980346413,73.5503412449802,17.3585986413852,24.9486840172143,621.548697383438,33.101756417909,141.172529372083,24.7512528951697,9.86533630048901,326.539516441132,19.3474645497616,27.1723123174784,301875.340299272,37.5718925178745,30.1993303346648,10.3742935576181,2,19851.2538854016,1.5163870799906,27.7632443523212,4.58124454533248,0.245387596086066,60.0909439931523,22.0066861636065,1158.65903292941,45.4190967909771,15.2808651732067,0.125512603584136,346.070584229297
"Fort Wainwright","AK","West",64.824734398,-147.624595823,51608,0.0457781362792131,0.240368203927606,0.407761104098025,0.47961664453139,0.0801705243477933,0.740184371819417,0.144652472935478,0.0133575309553204,0.0337608760116723,0.0335302152891079,0.0345145329890048,0.511350989326452,0.0199890480320907,0.0303025841936603,0.110895148128394,0.535961355674367,0.0429440083304673,0.0642454574854526,0.0260994580364571,0.00663217846871088,0.00923414253786333,0.0828420818921383,0.072231073388299,0.16388897333716,0.192033237416702,0.0515551486186273,0.0797442926572306,2.96385941489066,18.4306288800733,28.8493932098462,7.76558738269543,18.4574902962708,86.7705214151584,23.4641961851798,42.5593442902389,723.7,29.448262696,511.90299,9.87166019751388,10.3541413931163,NA,23.1258250194258,14.8437232840368,4769712.70880067,32.8380582715079,21.959514567877,7.65190438755957,2,20670.004569351,3.16194172849211,37.6315530879969,7.45263106175994,0.00979757283938486,60.3036407409227,0.979757283938486,1496.63563111089,41.6558738269543,23.6942490050607,0.0794527982606987,428.816788075468
"Goldberg Stagefield","AL","South",31.415406352821,-85.4630905155149,2966,0.116279069767442,0.276982707215265,0.423673225998807,0.403940886699507,0.194680559363861,0.916989914662529,0.0589604344453064,0,0.0139643134212568,0.00387897595034911,0.00620636152055857,0.567791215786123,0.0320390409505623,0.0526204116274135,0.109060046679397,0.487027914614122,0.218062397372742,0,0.022495894909688,0,0.00541871921182266,0.0195402298850575,0.0270935960591133,0.329863370201692,0.148298993770963,0.0477402928071292,0.00127307447485678,4.4415549183,18.612184668,36.5,6.7,28.8,60.303277547,14.394508845,40.425531915,571.9,36.488579172,79.22643,29.7,11.70180571,362.59707652,13.610683102,25.9,359135.52,29,32,1.97,2,20991,1,11,2.6,0.05,66,12,815,38,17.81,0.156309,394.3371
"Green River Test Complex","UT","West",38.9616419905855,-110.1012345958,578,0.189690721649485,0.348453608247423,0.321649484536082,0.419753086419753,0.258223684210526,0.79874213836478,0.0733752620545073,0,0.0482180293501048,0,0.079664570230608,0.573426573426573,0.0594405594405594,0.0361305361305361,0.0652680652680653,0.464630225080386,0,0,0,0,0,0,0.32556270096463,0.29426433915212,0.139500734214391,0.0128205128205128,0,3.7990140506,9.9492723611,27.6,8,22.2,42.638483965,12.913080964,12,65.8,23.195876289,88.0971,15.7,3.8572806172,112.78080897,8.6776859504,22.1,2855863.67,28,35,0.58,2,23233,2,25,1.8,0,77,2,996,17,NA,0.14999,475.0929
"Hawthorne Army Depot","NV","West",38.5411328226217,-118.654720800624,6543,0.176465138362521,0.33687137640699,0.372170830280837,0.37462621785481,0.178922296527067,0.786652354316664,0.0924294807739793,0.00928967987472831,0.0468173826375138,0.0224700707099183,0.0423410316871961,0.444698906644179,0.0217561139480576,0.0908246511220633,0.160903445591873,0.516612749377122,0.0135607820304007,0.124464793776303,0.0166440674589057,0.00217553687373704,0.0668814468932226,0.0299935637040363,0.17018799145536,0.398317531753133,0.165360248826463,0.0756031304539277,0,4.49970646186066,20.6782981744634,33.6101808868257,7.06448428579051,28.3644842857905,58.1213024787114,18.0474730029842,48.8080743402054,328.992294968251,31.2335323342205,143.792018099354,20.3578197534817,5.77916993011306,266.393546436081,17.1943701678814,46.0139320207033,1371860.98630863,33.5939384237767,33.7309108372019,4.82932020703271,2,21069.4665172616,1.08121231524465,14.9745477829358,1.11878768475535,0.018375753695107,73.5127261085321,3.75636305426605,1077.37692759191,30.4872738914679,16.9300720345766,0.188718348007043,459.52135788912
"Helemano Military Reservation","HI","West",21.5356875569353,-158.019593169489,57564,0.0335542969521072,0.242081974220363,0.419738066683871,0.506633260351506,0.0712094174664217,0.719968302628516,0.143244987437355,0.0398653286975327,0.0384388951857852,0.0262942817102896,0.0321882043405217,0.589589731185111,0.0114965968169766,0.0422202367483866,0.0718894408014137,0.526242410950192,0.0544514476575086,0.0024491525333101,0.327514480400184,0.0538338405641698,0.0105891663692454,0.254079688075905,0.120982943490265,0.148141562061112,0.153327597834747,0.0383285873682091,0.120069211302552,2.9203392921,11.177348228,22.2,8.1,20.2,96.875495039,18.885339666,26.394052045,553.9,23.497911647,228.18745,9.5,6.3481637386,239.37491994,27.336041788,44.3,384373.36,41,20,67.78,2,18399,8,213,5.9,0.81,47,36,1932,46,16.14,0.174598,382.9087
"Highbluff Stagefield","AL","South",31.1502937247756,-85.7362636789256,2840,0.230818008877616,0.347812301838935,0.285351934051997,0.337403598971722,0.259281084266352,0.893243243243243,0.0441441441441441,0,0.0252252252252252,0.00945945945945946,0.0279279279279279,0.533900106269926,0.0299681190223167,0.103294367693943,0.101381509032944,0.482746897841237,0.112697603263641,0.00560938296787353,0.00135985041645419,0,0.0190379058303587,0.0227774944756077,0.0577936426993031,0.507267441860465,0.0739130434782609,0.067375132837407,0,4.909681346,22.304880964,36.6,7.9,29.3,27.674505412,14.656549773,42.105263158,348.2,50.325850833,15.02968,31.4,8.5894611047,342.51675354,11.834862385,44.9,367621.01,31,37,1.03,2,21321,1,16,1.7,0.03,65,7,874,25,16.98,0.20304,437.2655
"Holston AAP","TN","South",36.5386523336383,-82.6267698939154,38479,0.133008354516117,0.41751259059946,0.289679908131475,0.398059285147678,0.195279540914017,0.864268218513215,0.0918359411120807,0.00389952824543771,0.00547273794273907,0.0150134064869476,0.01951016769958,0.507993958030218,0.0286861610537072,0.0930556575813545,0.157037946938089,0.479218855001703,0.0235775729966038,0.00270285379351749,0.0063919372581901,0.000567722779261133,0.00694633558389336,0.0197391655604777,0.0192705713304173,0.45370551563756,0.110842737450249,0.0521192698361963,0.0003727655737022,4.7484567412,20.900435304,31.4,7.5,37.5,41.482941249,12.643946351,21.739130435,252,40.892516062,10.60764,27,9.0311841476,250.2593437,10.399316677,33.2,311709.13,33,36,2.26,2,20092,0,1,1.9,0.07,67,13,928,25,14.12,0.195825,461.8882
"Hunt Stagefield","AL","South",31.3801772264978,-85.5799686848069,9268,0.15847260007773,0.315196268946755,0.36504080839487,0.364648714314639,0.192304234469118,0.884817424727739,0.0652146060217809,0.0025624599615631,0.0204996796925048,0.0179372197309417,0.00896860986547085,0.461548018387377,0.0244129705553485,0.10293204124736,0.166231830040999,0.469455982169993,0.263600445750177,0.00501468949447878,0.00202613716948637,0,0.00506534292371594,0.0291763752406038,0.0311012055516158,0.441036614360437,0.180007089684509,0.0523667536339918,0.00142874891290844,4.606066663,18.201220902,34.2,7.5,29.8,44.630415632,15.528419697,31.914893617,467.5,30.630003481,54.65974,21.3,16.012184882,321.1579928,14.016243123,23.3,434550.61,33,32,3.83,2,21601,0,7,1.6,0.04,72,7,1131,32,19.15,0.168711,403.9892
"Iowa AAP","IA","Midwest",40.7925543054369,-91.2431618034744,18381,0.0781441342818989,0.337438871613161,0.371810278473458,0.417895249019378,0.152194798085103,0.83081871561961,0.0901063044047924,0.00292826825996487,0.0334063503314199,0.0173900407637502,0.0253503206204628,0.50971710556379,0.0141197651224515,0.0756956469575041,0.148735679339436,0.486379026510399,0.0565884647519272,0.00117618551960301,0.00662977134070058,0,0.00335573066483939,0.0272338248597863,0.0267425550913283,0.384837217269095,0.114110972851272,0.0416681018169925,0.000767183282624678,3.4760202294,17.95169277,32.6,7.4,27,77.649101054,18.872167265,42.857142857,442.2,36.918533104,183.69863,23.2,18.724254151,462.06305802,13.684834123,12,266308.88,31,31,12.12,2,19973,0,5,4.7,0.06,77,11,1007,26,14.03,0.201302,451.0633
"Kahuku Training Area","HI","West",21.668496357421,-157.993827314079,33485,0.0441728428452399,0.274700711878017,0.440969878189215,0.543867478777426,0.101476404197178,0.652310102657128,0.135973733666225,0.0383223535563473,0.0853189923907997,0.0470737329066177,0.0410010848228828,0.598824568605918,0.00967300650484859,0.0414590257104029,0.0661939813092272,0.524432594864387,0.0752025454202874,0.00381635977399285,0.219370208054414,0.0950543500055147,0.0117971757888443,0.209711020338228,0.135112491662697,0.19498940020117,0.140484977125326,0.0445306400156528,0.172231560929738,2.9203392921,11.177348228,22.2,8.1,20.2,96.875495039,18.885339666,26.394052045,553.9,23.497911647,228.18745,9.5,6.3481637386,239.37491994,27.336041788,44.3,384373.36,41,20,67.78,2,18399,8,213,5.9,0.81,47,36,1932,46,16.14,0.174598,382.9087
"Kawaihae Military Reserve","HI","West",20.031973039,-155.830000442,6589,0.0556464811783961,0.313792590388335,0.328671328671329,0.497779296207721,0.110778035154653,0.74938704028021,0.118213660245184,0.0175131348511384,0.0374781085814361,0.0143607705779334,0.0630472854640981,0.534538066723695,0.0150769888793841,0.0520744225834046,0.101047904191617,0.49563712953212,0.0127877237851662,0.000225665713855875,0.146983601624793,0.118023168346623,0.00255754475703325,0.360538588837069,0.0637129532119753,0.316086316821972,0.0905960579434814,0.0479041916167665,0.00320786997433704,3.6565036012,14.991353158,22.8,7.1,20,72.57225293,21.842595769,37.692307692,378,33.499898022,283.19619,19.3,6.3636548761,248.76968117,26.856081133,34.2,2578209.06,41,32,6.04,2,21972,2,29,3.3,0.03,83,6,1509,34,15.19,0.172227,415.6263
"Kilauea Military Reserve","HI","West",19.434110118787,-155.274224875977,1291,0.097255369928401,0.217183770883055,0.31145584725537,0.432748538011696,0.164431486880466,0.834717607973422,0.0398671096345515,0,0.0224252491694352,0.0174418604651163,0.0855481727574751,0.436372269705603,0.0123456790123457,0.0341880341880342,0.0835707502374169,0.515163607342378,0.00279329608938547,0,0.150039904229848,0.0542697525937749,0,0.106145251396648,0.114525139664804,0.08,0.214761660686827,0.0223171889838557,0,3.6565036012,14.991353158,22.8,7.1,20,72.57225293,21.842595769,37.692307692,378,33.499898022,283.19619,19.3,6.3636548761,248.76968117,26.856081133,34.2,2578209.06,41,32,6.04,2,21972,2,29,3.3,0.03,83,6,1509,34,15.19,0.172227,415.6263
"Lake City AAP","MO","Midwest",39.0968670077063,-94.2502550616218,17049,0.0844945602868359,0.369858552795565,0.353450472246338,0.433789581093129,0.14201454986965,0.847873913799442,0.0945467810562431,0.00479187027976344,0.012117212556163,0.0116319481204777,0.029038274187911,0.507643740319181,0.0192516472046072,0.0656767143201626,0.132585163960087,0.466213626723728,0.0711719031768748,0.0073815510340233,0.00804416719592157,0.00895578392763238,0.03053760371905,0.036090295001533,0.0986407923876177,0.335093255773499,0.11470181888661,0.0496418486810415,0.00167534549597972,4.4005756156,20.452735497,32.8,6.8,23.4,93.350371871,19.946499013,37.007874016,768.7,38.765610486,215.23531,23.2,11.183453724,822.53987295,17.482028938,32,386864.84,29,24,18.29,2,18569,3,47,6.7,0.71,69,59,1194,41,14.8,0.14407,380.0155
"Letterkenny Army Depot","PA","Northeast",40.0181237496114,-77.6914464699786,29095,0.108958669835207,0.415413592726835,0.260185616954346,0.416652537692925,0.106677916553577,0.817115314116487,0.113524660211996,0.00314027790119613,0.0290810177287986,0.00936710733267541,0.0277716227088471,0.542681990537647,0.0160237919520217,0.0737295729765011,0.106830325371385,0.488644295580812,0.0550768985477694,0.00382740840992868,0.0162750882094274,0,0.0135361643538708,0.0147618675159865,0.0814424606641835,0.255984891411233,0.11914077798636,0.0400472380006346,0.0015353828277127,3.7912565996,14.848270621,34.3,8.3,29.4,42.443422583,18.60606834,11.818181818,292.4,26.089336212,92.29709,14.1,15.816399589,147.37438585,11.689536878,30.2,494223.2,34,29,6.48,2,21057,0,0,3.7,0.12,68,21,1302,28,16.11,0.191489,463.4288
"Makua Military Reserve","HI","West",21.5310292009369,-158.205004696909,27320,0.116271622506057,0.429563590315476,0.31767029956819,0.414513843426472,0.205793909553148,0.657881913789089,0.176299745114472,0.110692848430837,0.0135497113435332,0.013069960079047,0.0285058212430218,0.433814913741186,0.0235477675723421,0.0687508049013141,0.0958551600391281,0.490399366209264,0.0122507492739475,0.00134800468842388,0.154536141760896,0.307570465162329,0.00699849773958208,0.370015502495442,0.16842338578643,0.505539295446935,0.112115704572098,0.0817248911802307,0.0151072285206491,2.9203392921,11.177348228,22.2,8.1,20.2,96.875495039,18.885339666,26.394052045,553.9,23.497911647,228.18745,9.5,6.3481637386,239.37491994,27.336041788,44.3,384373.36,41,20,67.78,2,18399,8,213,5.9,0.81,47,36,1932,46,16.14,0.174598,382.9087
"McAlester AAP","OK","South",34.822060591723,-95.9396137698595,16115,0.121315236595775,0.364114759967854,0.332933454612081,0.442407081700113,0.17834023931766,0.837771998533762,0.112976829991597,0.00414540936334248,0.0095653345966338,0.00761700354162975,0.0279234239730347,0.51888701391808,0.0243330371429945,0.0789774136512292,0.158071808697786,0.512361374510698,0.0429071597232052,0.0911218801173419,0.00614348947718394,0.000349355112476135,0.0190517345752789,0.130858324181225,0.0506575323178533,0.346348240977394,0.123156726451861,0.0342357446365796,0.000521916394819205,5.00016763853557,20.7958802392659,34.8402328910422,6.24224522380664,33.6730647470132,57.1328148862464,12.9538392202405,31.8250116231087,416.734387215768,54.0625475744506,693.846616848676,24.5991521224467,12.8912590894084,163.039919691521,12.8989170962059,27.2103176787976,734264.459013929,32.1434372075098,36.8560948081264,3.09016572152178,2,20131.9958294335,1,12.3431701811375,2.19596294664978,0.0161885426416341,77.0429719759952,9.28401145185267,916.067692561801,27.2393740020922,15.0873031712823,0.197672663725706,455.39007070005
"Milan AAP","TN","South",35.8752385149456,-88.7173074723619,6902,0.12135592863755,0.392808925607126,0.283391000181287,0.369434365628894,0.170308802522309,0.920974937026014,0.0446348103028323,0.00150006815952159,0.00402412094445388,0.000333348479893686,0.0285327150872844,0.501609088222361,0.0241099307926958,0.0926325421450163,0.159846946716091,0.482370915722297,0.162828194306402,0.00844809021141162,0.00587998869961221,0,0.00263444270967003,0.0145698113643553,0.0354468949299155,0.375680407043356,0.122395275128216,0.0760466497429541,0.00179440424617601,4.9151157909673,21.6673110676043,33.5809855630414,7.20915495668912,38.4723002887392,45.3464736252216,12.837307330013,34.6672624776384,507.432862367661,40.9659983359149,20.6634806875842,24.1826294513956,17.1877898021324,436.393690637556,14.664270043062,34.3356804619827,384946.556911261,34.6361501443696,39.4553994225217,2.10075110683349,2,20924.5492589028,1,9.72769971126083,2.49084504331088,0.0427230028873917,76.9084504331088,7.27230028873917,910.248816169394,27.2723002887392,15.2342252165544,0.197554095399423,417.712862764196
"Military Ocean Terminal Concord","CA","West",38.0554999996253,-122.033300000295,88188,0.192988416875,0.239793691700747,0.340036642878181,0.494012208078966,0.150167607829001,0.684917154424127,0.149297249797398,0.0918263861540518,0.0203868508632443,0.0222625328398778,0.0313098259213006,0.454672394179676,0.0273097278035995,0.0457862244056714,0.117305629694583,0.49470269752979,0.0974285747093834,0.00527492172725493,0.114268906078932,0.0130547406411442,0.16784528475356,0.0644658223544289,0.393165505471845,0.273581381951234,0.0693258709256362,0.0757994522699681,0.000665052730499078,3.4033021657,10.468567361,24.2,8.3,17.7,88.533352399,16.27890933,26.774193548,422.6,14.432447733,308.33554,10.3,5.4138247785,366.02249352,22.293094152,48.7,462554.96,40,21,26.78,2,18701,4,34,4.2,0.83,67,60,2254,35,23.65,0.143931,428.2406
"Military Ocean Tml Sunny Point","NC","South",33.9964123710341,-77.9696812525877,30072,0.111268827566171,0.221640436340138,0.381152488570961,0.336318336488073,0.134596063955521,0.780010648263973,0.128316537899672,0.0073569798822435,0.00847593378957072,0.0165055372511361,0.059334362913404,0.572447501441277,0.0297996871186873,0.0665660450646346,0.118733349226977,0.483073918978556,0.106914532275587,0.00444922861304822,0.00831765727738634,0.0057272167144934,0.0276848315013616,0.0258454899451583,0.0541586376087417,0.330720462938559,0.137266958756555,0.0562526521980723,0.00147202006850659,3.98353575427059,17.0004947245209,25.8922554153737,7.27617022828608,19.9523404565722,85.4490683482796,17.8873267572341,33.1515029387183,497.466713878006,23.2980959602688,266.563226944869,21.4513192327448,9.80015563201303,337.71150859071,19.255116501214,22.0270642550385,270969.535315045,41.3523404565722,29.1140427394329,9.45716564797564,2,19059.9830282326,0.647659543427847,15.2485099554126,3.41344672159797,0.498025512359544,62.7046809131443,45.0876580845367,1359.28935890851,36.3055313251291,15.7897957552345,0.192849826401067,425.999756241471
"NTC and Fort Irwin","CA","West",35.3747747202772,-116.631634448671,22997,0.147851036139422,0.283429916748489,0.398891435340932,0.553707280835999,0.207388626882624,0.695844474587923,0.152605947200574,0.00976442315031694,0.0760794408387623,0.0314683944325202,0.0342373197899028,0.504727276168907,0.0219503205595023,0.04258094984179,0.111369269116409,0.517617927223233,0.119934423316325,0.00908750097352077,0.0385337431762482,0.0148458151147105,0.0727302296670458,0.0647240726951902,0.384946355040831,0.435768762436763,0.201731266002198,0.0694412257983426,0.13031256279141,3.93047160738767,13.0437911960435,27.2704382384146,8.09304429139168,21.2904359006636,83.966081261531,17.8222761674952,29.2218205646096,519.266313006887,31.4600860204304,195.862840640814,25.6400070132532,4.42250174976134,409.634798082552,27.9492801272739,40.7556807351328,12781552.3347258,40.0260839072812,30.043473178802,21.8314967900879,2,20267.8181139744,1.9913053642396,43.6261306623029,3.48174126490316,0.0495652682119801,69.913053642396,5.95652682119801,1474.21736589401,39.9652214569584,24.4524403423906,0.107922971110791,412.030697828589
"Picatinny Arsenal","NJ","Northeast",40.9549176873015,-74.5438187430405,36897,0.115912276887238,0.285592593900162,0.257312797031185,0.461649023009682,0.047957797181497,0.771854662382096,0.123118208623752,0.0334646867532329,0.0157722136723948,0.0176269380416355,0.0381632905268892,0.53688015113976,0.0184732797786499,0.0527544376604753,0.0909925524030861,0.508913765697828,0.0345630065310749,0.00114969373931907,0.0475986897838296,0,0.148113475353038,0.0301720001150398,0.302850079062195,0.160311973089583,0.0613677467461704,0.0505156339840309,0.00122881141426099,3.3097125301,11.986594974,21.4,9.3,18.8,94.197563968,18.008842179,23.008849558,152.3,4.0842407025,238.75303,5.6,10.149967268,65.475789627,17.2159644,43,294592.32,57,22,15.15,2,19348,3,0,7.8,0.61,67,48,2765,25,11.52,0.161233,477.9202
"Pine Bluff Arsenal","AR","South",34.3259744935281,-92.0851647711372,15774,0.118735875286498,0.386542731361977,0.322027981171995,0.395554109233635,0.244824854660877,0.833029703575694,0.0720797372492223,0.00947913913002293,0.025300710859165,0.0301481918887986,0.0299625172970967,0.384371210769328,0.0299713279568215,0.0792541732180628,0.132652923384149,0.470260576943637,0.561958168042555,0.000364611176033968,0.00551665429752251,0.000867272065422396,0.00701643173762207,0.01004090994567,0.018361326217942,0.511822274379683,0.109839138986891,0.0725722249867166,0.000387867265695145,4.89293310189469,21.7831234506602,41.4481430536451,5.77302023973276,33.9182550599332,46.782012896988,13.1151077952419,35.0627525692558,1074.93521320495,49.421938691564,171.047511167223,28.7830418549813,14.1722621921381,752.990960211161,15.2213198947571,25.9463548830812,527137.790660248,32.0145411672234,34.6058164668894,5.0996462959324,2,19639.3106700727,0.802908233444685,11.6203576341128,3.83134211043427,0.0440872470033405,70.6058164668894,9.01454116722342,857.621929652191,33.4378070347809,13.9328591078797,NA,NA
"Pohakuloa Training Area","HI","West",19.6886184691671,-155.613950906909,30396,0.0747391816588522,0.298737657091293,0.341631220951757,0.413062246959231,0.130218617043472,0.743744746017702,0.134777952259742,0.00686663259481279,0.025278292012516,0.0300911445194766,0.0592412325957495,0.530213719292223,0.013644659616411,0.0444214516534567,0.113660690551537,0.505161628495017,0.00723607079501398,0.00306927750434052,0.144715463483527,0.137882493164785,0.0318226432995781,0.236995713228289,0.108923752612855,0.284390026178198,0.102331705228503,0.0494717657204071,0.00155281897718487,3.6565036012,14.991353158,22.8,7.1,20,72.57225293,21.842595769,37.692307692,378,33.499898022,283.19619,19.3,6.3636548761,248.76968117,26.856081133,34.2,2578209.06,41,32,6.04,2,21972,2,29,3.3,0.03,83,6,1509,34,15.19,0.172227,415.6263
"Presidio Of Monterey","CA","West",36.6058190954749,-121.906707079968,26457,0.0438306199398421,0.12251973011452,0.310878542081666,0.380878306736827,0.10198495607282,0.660667139675805,0.102969457027671,0.0429120018799123,0.0828320632793065,0.0391400299971766,0.0714793081401287,0.474416460335015,0.016394678501505,0.062993081421088,0.118001063003275,0.501027088855612,0.0257712662849359,0.00337339472167131,0.0710559533387258,0.00160119597534664,0.0295928341497919,0.0470364309071579,0.148131499141889,0.0605922696444608,0.133353590720445,0.0296032692745758,0.0814258836082508,3.4901942953,12.365161509,24.6,8.7,17.2,90.240858484,17.573780698,32.487309645,413.4,37.594199318,298.23175,18.9,5.1855505211,425.44852948,30.667785637,27.7,2099586.15,44,29,29.09,2,20873,2,30,0.5,0.06,63,8,1722,51,23.45,0.125826,433.0176
"Pueblo Chemical Depot","CO","West",38.3171742433967,-104.332443966516,6862,0.0945567763310028,0.295344999608818,0.38129896017467,0.301365884986929,0.126383023101015,0.802070851759619,0.110174829527301,0.00648112169287943,0.0290181515251902,0.0056347755229728,0.0466202699720372,0.569676315069177,0.0201818843918826,0.0591543880142521,0.107901175151223,0.488597595822964,0.00623661267873049,0.0139096933982145,0.00348735478892575,0,0.0809711977644101,0.0283145469286927,0.34759253526702,0.430601464442077,0.13243273614115,0.070803367648068,0,4.1921171075,17.137062181,27.1,7.4,21.5,81.100570214,15.80543309,45.054945055,548.6,39.37893187,456.6293,24.9,8.802440232,575.29922938,17.396148337,21.2,1527087.99,38,32,15.22,2,18573,2,37,4.7,0.04,76,6,1069,36,20.3,0.173309,441.2016
"Pupukea Paalaa Uka Mil Road","HI","West",19.9695244972578,-155.723365535091,10036,0.0464213794330532,0.264841524891849,0.379476695982057,0.457273153059787,0.0963079319698035,0.753084097410068,0.133396024170351,0.0114980117112546,0.031308527227592,0.0139689639734111,0.0567443755073234,0.543675841990221,0.0170949717884734,0.0440674228892326,0.11233303656878,0.504270566656492,0.00901829358204444,0.000148157770884452,0.141800542391988,0.118116812555709,0.00624548954858875,0.315061458078132,0.0642984842094674,0.2739634043559,0.0994065834794564,0.0507502281777049,0.00210608362504053,3.6565036012,14.991353158,22.8,7.1,20,72.57225293,21.842595769,37.692307692,378,33.499898022,283.19619,19.3,6.3636548761,248.76968117,26.856081133,34.2,2578209.06,41,32,6.04,2,21972,2,29,3.3,0.03,83,6,1509,34,15.19,0.172227,415.6263
"Radford AAP","VA","South",37.1873562015275,-80.5420829423738,54485,0.0568133964020983,0.176371191591042,0.240523635982862,0.421029293866025,0.321366188039727,0.74825254634741,0.0748312289515908,0.0540841169545494,0.0557103136073762,0.0265359376219069,0.0405858565171664,0.376807347590742,0.0162257869803115,0.0441631066797919,0.0796244773923897,0.510500011175538,0.0510625199343389,0.00235143452904419,0.0601014787468267,0.000443573628764416,0.00867031607324753,0.0173024171996467,0.0286799040394006,0.187783894861165,0.0799434771961942,0.0360141124195471,0.00154336593755339,3.76419301799389,17.8677140007573,25.630020884806,7.94723583450497,23.6917880396948,74.2643417923895,19.2029826124534,19.8268813389057,270.932905854571,19.2274178863788,131.134098908257,15.3579314486957,12.612807822556,137.987209945668,17.3682188184562,24.5737731882772,236937.059418297,35.8196262575247,30.3426473197832,8.29358932008354,2,19250.119111645,1.97519076154466,42.3978692037838,3.16294107208671,0.11184994335167,57.8082965915451,27.2898961219782,1137.01570455507,39.451125458988,13.7345992301287,0.146594936342292,418.785674012749
"Red River Army Depot","TX","South",33.4263247587807,-94.3376018034804,11606,0.149312810186038,0.451259581003777,0.301809386486332,0.384057122493271,0.183739637601057,0.863940864553101,0.0691216858922401,0.000959500681740539,0.0166354432418923,0.00692422674881712,0.0424182788822085,0.474716727232913,0.028684089058711,0.0745567093566403,0.131981436269193,0.546993065678988,0.135523753870279,0.011696737748141,0.00743247229431721,0.00272528619456997,0.0494933585174046,0.0251533709342159,0.0833262433257424,0.382371422016547,0.134083253144941,0.0468997794190264,0.000826050706482767,3.7675380917,18.162710565,35.1,5.7,32.8,41.742559283,17.497615544,22.680412371,547.8,56.570846866,87.36416,30.1,13.491953014,553.75262173,15.43017918,12.9,566403.02,36,33,5.37,2,20096,1,11,4.1,0.06,69,11,1039,34,12.84,0.162813,390.2715
"Redstone Arsenal","AL","South",34.6484480022735,-86.6615805487033,76607,0.069365877564006,0.154314368224824,0.293436074785825,0.443023467378687,0.132036170720934,0.868537984658061,0.0694004654588333,0.00441978706142916,0.015219285888965,0.0186422181578667,0.0237802587748449,0.520340287765467,0.017289197329951,0.0475958485507813,0.116833449408704,0.492484830954828,0.191605394905632,0.00540023244907032,0.0426170573898236,0.000910242150951482,0.0125006003171858,0.0291876124721887,0.0619015260953182,0.23817874703447,0.149172450046425,0.0495217482651775,0.00978306892085977,4.09950423750926,16.9029454994285,32.9632283574922,7.46322835749225,24.2710729408629,67.6442428200859,15.6128361518193,22.2184034432781,502.459100088916,24.221156571874,104.243477931983,18.2775787318808,10.4138193004069,493.84802672375,12.7164326835954,27.3360927114279,481463.04628488,29.3878936594041,26.6121063405959,7.97092215153374,2,20383.3803415563,0,5.5717518719428,2.78991138283671,0.233273619564243,73.2242126811919,46.0224403379262,1142.26683025344,30.3677164250775,17.9222194957759,0.143414684881779,401.59867991283
"Rock Island Arsenal","IL","Midwest",41.5178539032351,-90.542516590768,40491,0.1103264554547,0.272355985463096,0.363517051745577,0.442720634728184,0.150041505290962,0.795840206453947,0.0924852308243668,0.0191906797258431,0.033972336864617,0.029886820586469,0.0286247255447568,0.460306103609026,0.0160080717027372,0.0779818191504799,0.136532318980885,0.483782403151617,0.11342442154844,0.00405603722165611,0.0218467487435865,0.000120286482569697,0.0342043711326619,0.0303566871097568,0.137437575272732,0.315601832732471,0.104831888362453,0.0538971342908486,0.000801174705573402,3.5543303602,16.625231495,31,8,22.9,89.49751264,22.235703419,42.222222222,451.2,38.137846885,149.87844,25.1,14.165178296,343.4223595,14.495154477,15,273573.95,30,27,15.51,2,18927,3,104,5.7,0.22,71,22,1155,30,16,0.185391,435.4242
"Schofield Bks Military Reservation","HI","West",21.4957751795809,-158.097846487525,87419,0.0597051973445203,0.304766861754576,0.382287308230996,0.475180871938219,0.114639770088694,0.698108232122455,0.154384879730589,0.0622666559979389,0.0302303229833141,0.0233760730631509,0.0316338361025523,0.539934037599232,0.0154957406901723,0.0508336862284858,0.0797848385872305,0.513440258830336,0.0398797884497033,0.00206046393646264,0.268056746337308,0.136661074982817,0.00931871658567562,0.295809206786003,0.13563471664522,0.265024971700174,0.139421951957571,0.052020790770832,0.0838720419044141,2.9203392921,11.177348228,22.2,8.1,20.2,96.875495039,18.885339666,26.394052045,553.9,23.497911647,228.18745,9.5,6.3481637386,239.37491994,27.336041788,44.3,384373.36,41,20,67.78,2,18399,8,213,5.9,0.81,47,36,1932,46,16.14,0.174598,382.9087
"Scranton AAP","PA","Northeast",41.4041794356325,-75.6659088026491,9382,0.139211136890951,0.371322505800464,0.248909512761021,0.399959415584416,0.204214338628694,0.755570791909496,0.153810993029368,0.0187407153468175,0.0404525197120329,0.0103988115643926,0.0210261684378928,0.386413440467495,0.0281835889943998,0.0924032140248356,0.124665205746287,0.459316557328895,0.0993831391363948,0.000783315382355821,0.0339763047096837,0,0.011896602369529,0.0228140605111133,0.155390188974836,0.492371705963939,0.104708362614195,0.0558193328463599,0.000182615047479912,4.0367677167,16.333502793,29.9,8.1,24.9,26.349930283,21.407872322,35.789473684,164.1,21.225544481,147.64269,18.8,11.419565207,207.73739226,15.316107107,21.8,293614.17,36,28,18.29,1,18133,2,25,6.2,0.29,65,37,1243,33,14.24,0.202695,456.2351
"Shell Basefield","AL","South",31.3632753274944,-85.8487529012254,18204,0.0854498606509965,0.265078613871799,0.35336803912289,0.45268155821733,0.134088228355744,0.869332669942161,0.0858262329746875,0.000559736302008831,0.00740095777100566,0.0106971826606132,0.0261832203495242,0.511871680326427,0.023075029019663,0.0710893805621021,0.132188961975448,0.500384826827927,0.188702583837273,0.004260582737768,0.0148158328752062,0,0.0147883452446399,0.0278449697636064,0.0932380428807037,0.27966008166869,0.233125354509359,0.0442505891870977,0.0522002180871645,4.606066663,18.201220902,34.2,7.5,29.8,44.630415632,15.528419697,31.914893617,467.5,30.630003481,54.65974,21.3,16.012184882,321.1579928,14.016243123,23.3,434550.61,33,32,3.83,2,21601,0,7,1.6,0.04,72,7,1131,32,19.15,0.168711,403.9892
"Sierra Army Depot","CA","West",40.2146041516603,-120.140141027287,2155,0.251429900696121,0.374085068798641,0.311244249433961,0.628435613673376,0.0810972657466277,0.646348479294616,0.309926092982546,0,0.00868436586420671,0,0.0350410618586321,0.313697602473556,0.0885827913382207,0.0714150792481652,0.0996486242090351,0.735556874011385,0.14802741216517,0.0431107548512862,0.0170231523989945,0,0.13285460241824,0.071267612068558,0.300051267266557,0.056183469551936,0.09697850764876,0.0182145742465276,0.00930967128155856,3.7436918331,13.856077332,25.7,7.2,21.3,54.151024502,22.107522052,38.095238095,248.8,29.67877095,298.02397,19.3,5.1044823736,400.8156951,17.769857434,18.1,2906357.24,38,31,1.91,2,17964,3,20,1.9,0,74,2,1468,35,20.62,0.120729,454.006
"Skelly Stagefield","AL","South",31.2858700359735,-86.1283422444989,5050,0.180005957783233,0.350664362157295,0.320884607676302,0.314174024893907,0.191710042098199,0.790062038892899,0.146299746723781,0.0029601410250194,0.0175117589040659,0.0202426693382946,0.0229236451159394,0.500512789336303,0.0327646589722666,0.0904580404993238,0.124036270262251,0.482853597385055,0.175855997350639,0.0143667764948409,0.010350598563064,0,0.00517596308802327,0.0340913990563104,0.0222930021151498,0.454684355840268,0.120828303917037,0.0397215826090122,0.00193194706969009,4.606066663,18.201220902,34.2,7.5,29.8,44.630415632,15.528419697,31.914893617,467.5,30.630003481,54.65974,21.3,16.012184882,321.1579928,14.016243123,23.3,434550.61,33,32,3.83,2,21601,0,7,1.6,0.04,72,7,1131,32,19.15,0.168711,403.9892
"Stewart Annex","NY","Northeast",41.4924861570106,-74.0946204391819,13375,0.0611553925372082,0.2500529025887,0.366438597728716,0.482013253392237,0.0482793079757667,0.793264733395697,0.0722637979420019,0.0605706267539757,0.0268942937324602,0.0112254443405051,0.0357811038353602,0.509587864911277,0.0236119061247853,0.0504674680404503,0.0909654646059912,0.507185923931592,0.127488529066019,0,0.0513063592582761,0,0.0756133631640818,0.0544158355769595,0.215994842819764,0.182040417209909,0.0948141296178528,0.044361763022324,0.0184602175157413,3.8149173904,15.131977439,30.1,8.7,27.1,84.755896388,17.736005071,32.748538012,323.3,17.522059207,209.11896,19.3,7.2819325984,253.96583553,23.09447558,42.8,519486.73,43,24,13.24,2,20743,0,0,5.8,0.24,62,28,2027,31,13.72,0.127274,444.1732
"Stinson Stagefield","AL","South",31.359319456228,-86.0134906281899,3963,0.190855803048066,0.33810082063306,0.325908558030481,0.323514474352463,0.201555411535969,0.775418275418275,0.156048906048906,0.0028957528957529,0.0202702702702703,0.0231660231660232,0.0222007722007722,0.483537575668094,0.0336630739701757,0.0868152960283479,0.121659530488705,0.484296712697055,0.221801295368447,0.00794329707931077,0.0125870707564463,0,0.00635463766344861,0.0389832579738482,0.0237076866674814,0.484793187347932,0.126655052264808,0.0428170677690831,0.000295290122545401,4.606066663,18.201220902,34.2,7.5,29.8,44.630415632,15.528419697,31.914893617,467.5,30.630003481,54.65974,21.3,16.012184882,321.1579928,14.016243123,23.3,434550.61,33,32,3.83,2,21601,0,7,1.6,0.04,72,7,1131,32,19.15,0.168711,403.9892
"Tobyhanna Army Depot","PA","Northeast",41.1987759890207,-75.4296261056602,11330,0.110403371544089,0.365569340184817,0.362920859234668,0.440748555583819,0.134188363023692,0.785094249867141,0.112827180608116,0.0575785410960464,0.0041365784950042,0.0114195298444457,0.028943920089247,0.474731406197786,0.0360117886156996,0.049156970453282,0.0712145539013158,0.498136821948338,0.266655169707495,0.00126820149493708,0.0194899407800769,0,0.0406857711684606,0.0459948313048547,0.185173885228158,0.39990300506386,0.106459124530855,0.103235604970216,0.00423147906712134,4.03861924333668,16.5838012556478,30.4282876173493,8.05597603188755,26.2647430114858,33.6615325280808,20.171252717038,35.6652260243617,172.068338228353,17.7842653298157,123.726981893088,18.2717123826507,9.75228241371072,259.893874222267,18.3195500554735,32.277704410762,335751.649445272,38.2011984056223,28.4402396811245,12.0606085120889,1.44023968112446,20008.8612812713,1.55976031887554,14.4342476530131,5.62768841453821,0.228366444642576,72.4840745791158,32.157363507631,1433.18354224577,28.157363507631,13.5312141133896,0.179010105155504,449.395008026433
"Tooele Army Depot","UT","West",40.5288392238512,-112.411158822222,28484,0.0584953482965295,0.30706913654293,0.391912951401466,0.562869819225872,0.073998315417472,0.725526175040639,0.180201772886833,0.0311759080610132,0.00839107719792574,0.0157253943727562,0.0389796724408326,0.609832449366011,0.0127816997396793,0.0406662183997727,0.101356647862015,0.503323958175657,0.00627542128547989,0.0111884459396847,0.00913241003891117,0.00441062707792193,0.0252211557528091,0.0199425287822146,0.105868636010097,0.121715561846169,0.111351628193493,0.0493841363217134,0.00213300644924184,3.9324772501,12.185682609,31.9,7.7,20.9,94.446734687,14.013604682,24.324324324,267.9,25.526483727,103.34243,9.4,3.4947261406,218.7835852,10.35326087,44.5,4442866.05,29,28,11.17,2,23241,1,5,2.6,0,79,2,1240,23,NA,0.090546,454.7276
"Toth Stagefield","AL","South",31.227575621218,-85.559332735917,2954,0.107278481012658,0.362025316455696,0.367721518987342,0.36682725395733,0.117301231802912,0.906733746130031,0.0646284829721362,0,0.00232198142414861,0.0197368421052632,0.00657894736842105,0.515144958892254,0.0333189095629598,0.0692340977931631,0.138251839030723,0.521815933580639,0.056350468115174,0.00123653064829535,0.00865571453806748,0,0.0125419537184243,0.0289701466172054,0.0745451333686628,0.152753108348135,0.173791348600509,0.0646906101254868,0.00216356555603635,4.4415549183,18.612184668,36.5,6.7,28.8,60.303277547,14.394508845,40.425531915,571.9,36.488579172,79.22643,29.7,11.70180571,362.59707652,13.610683102,25.9,359135.52,29,32,1.97,2,20991,1,11,2.6,0.05,66,12,815,38,17.81,0.156309,394.3371
"Tripler AMC","HI","West",21.362031211871,-157.889580747054,56231,0.106142287116253,0.267163408549263,0.374947345182517,0.478264906408209,0.090601612217238,0.606593975407328,0.13773479130124,0.132666185272985,0.0316820485146645,0.0689238191647555,0.0223991803390271,0.544898856426006,0.0132402338962975,0.0601767661529441,0.0697411479428082,0.500843658700701,0.0417083131041384,0.00118809788606516,0.476789619083312,0.0970597745559719,0.00773766791752694,0.168733948805931,0.0891833838046833,0.24591679656027,0.129053403098858,0.0280684587623451,0.0816095316019925,2.9203392921,11.177348228,22.2,8.1,20.2,96.875495039,18.885339666,26.394052045,553.9,23.497911647,228.18745,9.5,6.3481637386,239.37491994,27.336041788,44.3,384373.36,41,20,67.78,2,18399,8,213,5.9,0.81,47,36,1932,46,16.14,0.174598,382.9087
"Umatilla Chem Depot","OR","West",45.8371193145048,-119.440925732137,20243,0.21967852348023,0.30234506140472,0.348062239905248,0.528233691409438,0.141771382096133,0.828844263824072,0.113585018324501,0.00344627514962451,0.0225495851162168,0.0072374722751139,0.0243373853104716,0.497742040399915,0.0170940720302749,0.0476351786918698,0.14428113827136,0.542675698531201,0.00671665681733276,0.0167783891667275,0.00536710020697595,0.0016956461672832,0.0853206602058364,0.036948042996019,0.364450074065764,0.393102244032815,0.123661491620257,0.0603201153954593,0.000559004823832615,4.16923380883182,17.974070476068,33.0814946214551,7.55096086056719,19.0872597848582,57.4730447127903,18.4224550287132,25.8019300602892,364.033237815833,42.6725179878342,339.321745294399,19.1127402151418,10.829809495824,171.443152985165,16.7495334748189,18.8790748447841,1961382.56123763,30.6177935457461,32.3822064542539,7.26851947874736,2,21125.402151418,1,8.76441290850788,1.24711741829842,0.0087259784858202,64.4903913943281,3.74519569716404,1119.00498055537,36.1081849400741,18.8247401696573,0.146459372973096,447.231137031225
"US Army Joint Sys Mfg Ctr Lima","OH","Midwest",40.700006103399,-84.1343102853913,13160,0.124942532774197,0.393651690303858,0.339642585762055,0.419081631366603,0.227541638498853,0.837898043364145,0.122428933046608,0.0083541250777259,0.0123017966551847,0.00344297294092797,0.0155741289154081,0.454343443414552,0.023245069739786,0.0828723948418653,0.137941023590636,0.49385246506521,0.186699595499772,0.00467962945927257,0.00693317431661435,0,0.0031612986201784,0.0304628024034751,0.0158637695526489,0.471061310598645,0.117641686491015,0.0719566753465464,0.00065446608563729,3.9937225239,20.349926343,33.4,7.5,30.2,82.05133028,16.525687176,31.818181818,598.8,35.218871999,162.90413,21.9,16.279626526,435.07267548,15.078377706,17.4,257599.74,32,32,9.08,2,20043,1,16,4.4,0.16,75,33,993,33,17.24,0.171768,423.3923
"US Army Soldier Systems Center Natick","MA","Northeast",42.2893019006622,-71.3622831602396,16704,0.0121400778210117,0.0978988326848249,0.147859922178988,0.521768707482993,0.0428675224025188,0.782087669504888,0.0541890045201303,0.0818879428150951,0.014453905182382,0.0125617575948702,0.0548197203826343,0.567559578791798,0.012008128579346,0.0563458341030852,0.0883059301681138,0.481619237090217,0.0146757777585561,0.0018741170025661,0.102759276879163,0,0.00853444050399331,0.0149929360205288,0.0365885304039443,0.0297612045641689,0.06511320442902,0.0293367818215407,0.00236467762793275,3.4830915703,11.263552771,22.5,8.9,20.3,96.966572083,20.350285848,22.040816327,264.4,7.1559896581,494.347,8.6,9.5322870739,206.55078468,17.014097052,46.7,523405.13,41,19,30.31,2,16186,10,176,6.9,1.12,49,88,2239,38,12.87,0.151584,448.7896
"USA Adelphi Laboratory Ctr","MD","South",39.0328808322847,-76.9605330071925,78864,0.272752730520749,0.193422754469015,0.21890841990019,0.500966945576103,0.113612057626602,0.604992586985991,0.177686474671045,0.162145806646491,0.0219686310336636,0.00730130359579746,0.0259051970670123,0.436404679079241,0.0264208530881915,0.0485255853726872,0.0862277518132039,0.50443675725466,0.335136893690582,0.00438500198538957,0.0958903058750929,0.000412097426418546,0.295150087735527,0.0405691339087624,0.390400830895268,0.263707355628467,0.0520911450520052,0.062761139219982,0.00108429759290211,3.02939223973083,9.42030521401942,26.4877002106585,8.70562774935559,19.6176723409266,99.3733084138705,14.6593594013276,29.6623790275666,473.763600926374,19.1232186089809,201.81554160772,10.8691111779868,8.4159824673385,332.447672431721,18.6425571364915,56.3438501053293,312411.949078059,33.2617776440263,16,30.7414898766143,2,17246.7318424117,9.06544441100658,26.7107216036218,8.55327222055033,1.08056277493556,50.4018333834901,73.2238339853717,2049.24854776453,35.8691111779868,15.1415966556322,0.127948771635155,349.039070729297
"USA Field Station Kunia","HI","West",21.4723134798832,-158.054583266804,53212,0.0352272631317791,0.247493628158245,0.41686655531185,0.515957438552007,0.0691352794356526,0.715388169461652,0.14647632712656,0.0428734769878818,0.0403633077393086,0.0275202279959879,0.0273784906886094,0.591065719137275,0.0123460322235862,0.0412357654164354,0.0707105183496681,0.524846239277368,0.0578216011974761,0.00230201243443144,0.348228439540626,0.0502863017429091,0.011220175165191,0.254982682447281,0.124654279647065,0.148160490339094,0.15545680627959,0.0365717034120866,0.125308974577771,2.9203392921,11.177348228,22.2,8.1,20.2,96.875495039,18.885339666,26.394052045,553.9,23.497911647,228.18745,9.5,6.3481637386,239.37491994,27.336041788,44.3,384373.36,41,20,67.78,2,18399,8,213,5.9,0.81,47,36,1932,46,16.14,0.174598,382.9087
"Waianae-Kai Military Reservation","HI",NA,21.4463692358516,-158.1900562441,23755,0.120011911852293,0.456606823789671,0.313792223262146,0.418849911190053,0.221211900778352,0.65657728162044,0.174876280354471,0.118368051559443,0.012947404764645,0.0128898607434688,0.0243411209575325,0.421158248777593,0.0250134252847574,0.070518074672847,0.0960402475905147,0.491313340227508,0.0129679420889349,0.00148914167528438,0.126452947259566,0.346266804550155,0.0068459152016546,0.392802481902792,0.171334022750776,0.547253375241089,0.11462366355273,0.0891721545462254,0.00816822588394901,2.9203392921,11.177348228,22.2,8.1,20.2,96.875495039,18.885339666,26.394052045,553.9,23.497911647,228.18745,9.5,6.3481637386,239.37491994,27.336041788,44.3,384373.36,41,20,67.78,2,18399,8,213,5.9,0.81,47,36,1932,46,16.14,0.174598,382.9087
"Walter Reed AMC Main Post","DC","South",38.9749863667275,-77.0311239341222,6809,0.0828231904933381,0.120393710238867,0.182331052694755,0.383447454599583,0.114360828130135,0.452455025023671,0.0554578655484918,0.382929798458001,0.0200189368321385,0.0192073583119167,0.0699310158257812,0.422179953688389,0.0211710221634138,0.0755871650678134,0.0970889844525306,0.473077190300841,0.646216910998402,0.00361286736608073,0.0207045091363857,0.000625303967206281,0.0562773570485653,0.0353644132564441,0.116167581463211,0.167066346922462,0.0770643887204923,0.070790605358915,0.00165398610651671,3.5424234802,16.686006181,22.8,8.4,17.4,99.960280727,28.004741946,25,1198.4,34.060003702,436.30812,27.6,27.490672807,1263.3762802,21.561991661,45.8,39132.81,29,10,60.2,1,10239,30,22,9.8,6.99,12,237,1982,59,12.27,0.135549,306.7233
"Watervliet Arsenal","NY","Northeast",42.7198480449514,-73.7081345928372,9071,0.0552153716216216,0.272276182432432,0.381228885135135,0.573645382854236,0.111966987620358,0.833802207314434,0.0617831638173556,0.0463103224410301,0.0242371780999784,0.0175286734473058,0.0163384548798961,0.379310344827586,0.0419271016223049,0.0514081045017206,0.104291031673573,0.506335473067262,0.0664806028467764,0,0.0748534747418365,0,0.00312587217415574,0.0509070611219648,0.0516327100195367,0.251399367242638,0.0923051103465637,0.0501439707844652,0.00105344476437952,3.7922725925,15.148554099,26,8,22.9,91.30714915,20.028005111,25.252525253,549,13.038057353,315.36753,15.6,14.771430695,332.18437048,16.153564602,20,334598.91,33,21,23.6,1,16893,5,70,8.4,0.37,52,30,1468,42,14.24,0.15961,421.4976
"West Point Mil Reservation","NY","Northeast",41.37190261991,-73.9979957128318,15530,0.0322321655812433,0.145061842407138,0.292441050427207,0.577438260901089,0.0468071852057009,0.634096364005821,0.0605609170541906,0.0325623311729906,0.119761432109317,0.00974122414350414,0.143277731514176,0.469011544256289,0.00961276743166744,0.0372838023447209,0.0746102266648532,0.549767463366377,0.043379787493255,0.00239707615338189,0.0385106609615912,0,0.0346030163645921,0.0395716272822512,0.142212724175127,0.0595211907604278,0.166682448904002,0.0372114624888399,0.192654251474688,3.8149173904,15.131977439,30.1,8.7,27.1,84.755896388,17.736005071,32.748538012,323.3,17.522059207,209.11896,19.3,7.2819325984,253.96583553,23.09447558,42.8,519486.73,43,24,13.24,2,20743,0,0,5.8,0.24,62,28,2027,31,13.72,0.127274,444.1732
"Wheeler Army Airfield","HI","West",21.4731557066706,-158.034735161798,52974,0.0353855311241029,0.246154958276481,0.418739440881454,0.517238723587162,0.069445888347679,0.716505617977249,0.145963568479524,0.0430660976607235,0.0405446507989597,0.0264185691322803,0.0275014959512644,0.5901057579098,0.0124015001072501,0.0414210282277978,0.0710282044478903,0.524723326357454,0.0580813803548929,0.00231235484692426,0.347239055038961,0.0505122265327081,0.0112705848319958,0.254189385766349,0.125214322659788,0.148826141350924,0.155641778528137,0.0367360116654199,0.125871958984263,2.9203392921,11.177348228,22.2,8.1,20.2,96.875495039,18.885339666,26.394052045,553.9,23.497911647,228.18745,9.5,6.3481637386,239.37491994,27.336041788,44.3,384373.36,41,20,67.78,2,18399,8,213,5.9,0.81,47,36,1932,46,16.14,0.174598,382.9087
"White Sands Missile Range","NM","West",33.4098047784678,-106.519413458364,61299,0.148605949387918,0.247565195506071,0.33662900144468,0.425619876265263,0.202245064725952,0.808892329114111,0.140964802456424,0.00256269927853564,0.013413865429491,0.00919761579221727,0.0249686879292213,0.506048086015683,0.0178937212668586,0.0666111180057895,0.121158837216631,0.498420119003764,0.0288375645969247,0.019951466499398,0.0158431585332287,0.000454506016134223,0.0713790409860231,0.0342668203428164,0.475131160328233,0.380163077966423,0.175122388776172,0.0552670383590587,0.0214475221195483,4.05065216196277,15.8183489264308,25.568044687973,6.21042607691863,20.938968265813,75.7201697240091,16.9500545605588,32.0816556587531,571.24213711581,48.7456130129473,274.205729132861,36.142681400215,7.8660851796597,325.635086112977,17.6667892678737,19.5635819822674,2939193.50313751,37.4142896738253,35.8765537385668,8.91139119946638,2,19934.2260074744,1.93929416637985,35.3001635594433,2.27723142899784,0.0215401086132169,59.0358094669546,4.51809357305807,953.963030083363,33.6751593714688,15.3011024271978,0.164986654764697,436.917734875016
"Yakima Training Center","WA","West",46.7445308900886,-120.165725287992,46172,0.263175969560437,0.275126434204496,0.265695014556223,0.496653912778214,0.243884311652518,0.735265284915109,0.144672017379544,0.0120550045648484,0.0473217318956565,0.0233506545109235,0.0373353067339195,0.452175844455167,0.0168184246689151,0.0438361489109636,0.10692361758667,0.508837089691785,0.00916310768263658,0.0112539971254127,0.0129323399470271,0.000288462948374896,0.115974669002661,0.0276927892183387,0.431998155511415,0.441285494707855,0.0991964536077286,0.0548479044637107,0.0013008812798612,3.91422221711119,14.528253367999,30.2299063096628,8.3230040755086,21.2617100277741,78.367920056851,18.30990923816,38.5806460753834,515.697823585689,38.5688149361512,219.884645491105,20.0189441608962,8.61921602838764,248.791301859476,19.0987633228852,19.113719755048,1988180.73882067,34.3182984856978,31.7045108757497,14.3950458758129,2,20932.097188447,1.30076579101534,41.7297815577968,1.32691900822267,0.0399123365265877,65.7846808080212,5.60153158203067,1188.48436597814,36.4072347653106,19.4638142883032,0.139998666676501,444.680236797586
"Yuma Proving Ground","AZ","West",32.8832436220956,-114.353851399522,53519,0.169144151683528,0.244603113682801,0.40161740325394,0.389858933207879,0.143159423445326,0.784856619134214,0.109818562008518,0.00564152666457128,0.036916247752811,0.0251598524716272,0.0376071919682586,0.586011267529178,0.0194119292351533,0.0697934719780259,0.0918007257304612,0.50226068588501,0.0196360013604201,0.0186371120097813,0.0149004865224757,0.00165468080935916,0.139271912084429,0.0312342924819064,0.456218612982466,0.312047893478189,0.142780267414619,0.0658359534876602,0.0337466338508782,4.09076303733231,14.2770816317074,29.5660554183021,6.93590534159511,25.6562326911199,70.8243145219413,15.8359225100562,23.963470995112,443.698784144568,48.6690387566543,86.0234456792303,31.1816284293997,4.59710484106451,346.295147820332,23.0495906724345,19.1875513040186,3116201.6815372,38.5331309398099,37.0284986352135,16.3738121625391,2,20056.8821526768,0.606824430674822,5.81592815445,0.76122736147915,0.0189871192046383,58.7798235739475,2.94935596023191,1051.58941344066,37.4657906796039,22.5197299298382,0.162902422588213,443.687614525263
